"","MetabID","logFC","AveExpr","t","P.Value","adj.P.Val","B","X1","NameANDPutName"
"1","152.04726_6.592",-7.24830569482613,2.51848771150536,-18.2554460789907,5.23839481739909e-09,3.99165685085811e-06,10.4349636733137,3036,"PutID_KEGG_C02657:6-Methylsalicylate; C13635; C13636:4-Hydroxyphenacyl alcohol; 4-Hydroxyphenyl acetate; C04043:3,4-Dihydroxyphenylacetaldehyde; C14088; C14103; C14108:3-Methylsalicylate; 4-Methylsalicylate; 4-Hydroxymethylsalicylaldehyde; C21167:4-Hydroxy-3-methylbenzoate; C05593; C05852:3-Hydroxyphenylacetate; 2-Hydroxyphenylacetate; C02519:4-Methoxybenzoate; C00755; C01983; C01984:4-Hydroxy-3-methoxy-benzaldehyde; (R)-Mandelate; (S)-Mandelate; C00755; C12305:4-Hydroxy-3-methoxy-benzaldehyde; Methyl salicylate; C00642; C04043; C05593:4-Hydroxyphenylacetate; 3,4-Dihydroxyphenylacetaldehyde; 3-Hydroxyphenylacetate; C00755:4-Hydroxy-3-methoxy-benzaldehyde; C00642; C00755; C05593; C05852:4-Hydroxyphenylacetate; 4-Hydroxy-3-methoxy-benzaldehyde; 3-Hydroxyphenylacetate; 2-Hydroxyphenylacetate; C00642; C02519; C14088:4-Hydroxyphenylacetate; 4-Methoxybenzoate; 3-Methylsalicylate; C00642; C00755; C01983; C01984; C05593; C05852; C13635; C13636; C14088; C14103; C14108; C21167:4-Hydroxyphenylacetate; 4-Hydroxy-3-methoxy-benzaldehyde; (R)-Mandelate; (S)-Mandelate; 3-Hydroxyphenylacetate; 2-Hydroxyphenylacetate; 4-Hydroxyphenacyl alcohol; 4-Hydroxyphenyl acetate; 3-Methylsalicylate; 4-Methylsalicylate; 4-Hydroxymethylsalicylaldehyde; 4-Hydroxy-3-methylbenzoate; C00755; C04043:4-Hydroxy-3-methoxy-benzaldehyde; 3,4-Dihydroxyphenylacetaldehyde; C00755; C04043; C05852; C13636:4-Hydroxy-3-methoxy-benzaldehyde; 3,4-Dihydroxyphenylacetaldehyde; 2-Hydroxyphenylacetate; 4-Hydroxyphenyl acetate"
"2","155.99148_4.921",6.54569202275895,1.88705555042829,15.4857900528923,2.57754993126095e-08,9.82046523810423e-06,9.25097692551528,2113,"PutID_KEGG_C03920:2-(Methylthio)ethanesulfonate"
"3","209.15228_4.335",6.77260024294609,2.93698181989827,14.8195342237072,3.93416269920689e-08,9.99277325598551e-06,8.91725770564731,1688,"PutID_ChemS_20014_:Dimethirimol_ppm:0.001; 29820_:ethirimol_ppm:0.001"
"4","232.16727_2.338",5.83479667069274,2.36288836164958,13.8769588722971,7.38021185030954e-08,1.34428442696297e-05,8.40677969216245,526,NA
"5","304.17409_7.141",6.54155118275943,-0.364846404052233,13.2588161401007,1.13914014845373e-07,1.34428442696297e-05,8.0453023893643,3270,"S_D-(-)-Glutamine"
"6","234.17245_12.15",6.8726351070962,0.914152548386288,13.2136572547656,1.17667990624993e-07,1.34428442696297e-05,8.01800908076806,4489,"PutID_KEGG_C07073:Lidocaine"
"7","232.04022_3.287",-5.60374761050609,0.667392420133536,-13.1466436635602,1.23490695390299e-07,1.34428442696297e-05,7.97727813749173,1269,"PutID_BioCyc_3-isopropyl-7-(methylthio)-2-oxoheptanoate_ID:CPD-19490_ppm:-8688.02"
"8","136.09967_3.295",-4.81995585811826,0.591365173911706,-11.7197264038519,3.65251305558396e-07,3.24649174558819e-05,7.04061640506317,1277,"PutID_ChemS_24033_:2,5-Diethylpyrazine_ppm:0; 76857_:2-Methyl-3-propylpyrazine_ppm:0; 25554_:5-Ethyl-2,3-dimethylpyrazine_ppm:0; 25552_:2,3-Diethylpyrazine_ppm:0; 24536_:2-Ethyl-3,5-dimethylpyrazine_ppm:0; 69099_:2-amino-4,5-dimethylphenylamine_ppm:0; 13884246_:N,N-Dimethyl-1,4-benzenediamine_ppm:0; 2276_:Betahistine_ppm:0; 13658_:Tetramethylpyrazine_ppm:0; 3547_:Phenelzine_ppm:0"
"9","92.06266_3.125",-4.49566883033075,4.91578351721159,-11.6591061792355,3.83443906959235e-07,3.24649174558819e-05,6.99768703837814,1140,"PutID_KEGG_C01455:Toluene"
"10","136.05239_2.428",-4.37412112580145,6.02149567451013,-11.0512751526047,6.32162184386609e-07,4.04472957998685e-05,6.5517706639352,634,"PutID_KEGG_C02061:Plastoquinone; C07189:2-Hydroxyacetophenone; C10700:4'-Hydroxyacetophenone; C03765:4-Hydroxyphenylacetaldehyde; C14087:3-Methylsalicylaldehyde; C01454; C07211; C07215:Toluate; m-Methylbenzoate; o-Toluate; C21166:4-Hydroxy-3-methylbenzaldehyde; C07085; C07086:3-Vinylcatechol; Phenylacetic acid; C06224:3,4-Dihydroxystyrene; C07086:Phenylacetic acid; C01454; C07085; C07211; C07215; C14087:Toluate; 3-Vinylcatechol; m-Methylbenzoate; o-Toluate; 3-Methylsalicylaldehyde; C01454; C07085; C07086; C07189; C07211; C07215; C10700; C14087; C21166:Toluate; 3-Vinylcatechol; Phenylacetic acid; 2-Hydroxyacetophenone; m-Methylbenzoate; o-Toluate; 4'-Hydroxyacetophenone; 3-Methylsalicylaldehyde; 4-Hydroxy-3-methylbenzaldehyde; C01454; C02061; C07085; C07086; C07211; C07215; C10700:Toluate; Plastoquinone; 3-Vinylcatechol; Phenylacetic acid; m-Methylbenzoate; o-Toluate; 4'-Hydroxyacetophenone"
"11","268.09469_2.561",-4.85248263423122,0.846777985794702,-11.0028103282189,6.58540928694034e-07,4.04472957998685e-05,6.51496608179059,843,NA
"12","222.13617_13.505",-4.60782624253782,0.444418507686177,-10.9893616035158,6.66072367149472e-07,4.04472957998685e-05,6.50471931329322,4697,"PutID_KEGG_C16572:3-Hydroxymonoethylglycinexylidide"
"13","100.01609_3.117",-5.03214813447545,3.19394744678109,-10.9476338159949,6.90045728869148e-07,4.04472957998685e-05,6.47283272991219,1133,"S_DL-Homoserine"
"14","200.18828_11.408",6.25911856263037,3.34544006852798,10.8604668551335,7.43223720283934e-07,4.04526053468827e-05,6.40576378398957,4382,NA
"15","307.18859_11.2",4.98349683026775,0.0288889651204229,10.556897552817,9.66409477427225e-07,4.9093601453303e-05,6.16724020547076,4332,NA
"16","209.07211_4.534",5.10238847824733,1.87743542028628,10.4043876872284,1.10537955155812e-06,5.26437011429553e-05,6.04443562090601,1841,"PutID_ChemS_65112_:tolonidine_ppm:0"
"17","168.10309_6.364",3.81612898127755,0.447939867307014,9.9783211786497,1.62343224781952e-06,6.65479055736969e-05,5.69039358818988,2831,"S_Hydroxy vardenafil"
"18","1166.69467_2.061",4.51452561416021,1.2065216405319,9.90925365753466,1.73002740505614e-06,6.65479055736969e-05,5.63143567827874,314,NA
"19","165.0426_4.76",5.34970092649046,2.60457431528168,9.87848391779041,1.77995418548018e-06,6.65479055736969e-05,5.60502575823556,2014,"PutID_KEGG_C15769:HBOA; C00971; C06052:4-Pyridoxolactone; 5-Pyridoxolactone; C05653:Formylanthranilate; C00971:4-Pyridoxolactone"
"20","228.21957_10.909",4.9713742822108,1.51258901623404,9.87114546405062,1.79209225223363e-06,6.65479055736969e-05,5.59871392725101,4302,NA
"21","200.10239_11.777",4.60517018598809,-1.34736953623625,9.79909722436461,1.91617594919828e-06,6.65479055736969e-05,5.53647414146209,4434,NA
"22","201.18614_11.775",5.29831736654804,-0.827509150816295,9.79621520962697,1.92133060711461e-06,6.65479055736969e-05,5.53397421290234,4433,NA
"23","229.16781_1.734",3.53221157769869,3.37530155706327,9.65809830720353,2.18701109544783e-06,6.89251500136716e-05,5.41323375287172,167,"PutID_ChemS_1361783_:Caproylglycine_ppm:0"
"24","223.16788_3.982",4.96723344221128,1.23793594406702,9.65133246704479,2.20101713599019e-06,6.89251500136716e-05,5.40727176330253,1567,NA
"25","293.17304_11.247",4.1430720656148,-0.178389544455018,9.62272708521624,2.26132381934618e-06,6.89251500136716e-05,5.38201572408754,4347,"PutID_ChemS_16568358_:phe-lys_ppm:0.001; 117507_:4-Acetamido-N-[2-(diethylamino)ethyl]-3-hydroxybenzamide_ppm:0.001; 2701928_:Lys-phe_ppm:0.001"
"26","187.17023_11.994",4.31334727353679,-0.410426793250722,9.47425231319408,2.60471136767024e-06,7.63380793140278e-05,5.24963458374135,4471,NA
"27","231.1575_12.524",3.77686796939209,-1.0514790844698,9.33893585488535,2.96759258165486e-06,8.37520573044815e-05,5.12707298874339,4565,"PutID_ChemS_16267810_:g-Aminobutyryl-lysine_ppm:0.001"
"28","174.11135_8.207",-4.41189735423711,0.331434981201727,-9.20921203284371,3.36773249194044e-06,8.46387156273365e-05,5.00783215000359,3604,"S_DL-Arginine"
"29","100.01609_2.553",-4.4348949780661,0.449492682306833,-9.18712605397808,3.44153741794715e-06,8.46387156273365e-05,4.98735857150296,831,"PutID_ChemS_7634_:Succinic anhydride_ppm:0"
"30","214.20399_11.367",7.07803048690413,1.74010888420276,9.18404917361966,3.45195854655381e-06,8.46387156273365e-05,4.98450231243377,4372,NA
"31","406.19519_6.523",-4.37412112580144,0.194108445118213,-9.15959563562516,3.53601334204749e-06,8.46387156273365e-05,4.96176723318633,2961,"S_Alfuzosin"
"32","223.08716_1.711",4.14307206561479,0.14539385122571,9.15433613957377,3.5543817586283e-06,8.46387156273365e-05,4.95686922455929,156,"PutID_BioCyc_N, N-dihydroxytrihomomethionine_ID:CPD-14050_ppm:-2.989"
"33","218.15167_2.424",4.12007444178581,2.87471000662172,9.01069450031194,4.09849255477878e-06,9.46379189921646e-05,4.82197994016013,630,NA
"34","273.20444_11.009",4.00791702957874,1.32105798201617,8.85227343857949,4.8058580483118e-06,0.000107707759788635,4.6706703880583,4315,NA
"35","284.18384_4.316",3.33628268939798,0.143425306604692,8.8063596679065,5.03494886173605e-06,0.000109618029504082,4.62631155604843,1683,"PutID_ChemS_83871_:melanostatin_ppm:0.001"
"36","285.24073_10.1",4.13094951755784,0.426145693913916,8.75936751319191,5.28178690407728e-06,0.000111797822802969,4.58067265448894,4185,NA
"37","183.00235_5.538",4.79844301773907,1.6037783693254,8.70188357175643,5.60180016075417e-06,0.000113603049833416,4.52451420021912,2383,NA
"38","179.08033_6.607",-4.74032522202415,0.820853586501443,-8.6909120926974,5.66524395494727e-06,0.000113603049833416,4.51375423466335,3043,"PutID_KEGG_C16675:7-Aminomethyl-7-carbaguanine; C12212:Kanosamine; C01214:1-Amino-1-deoxy-scyllo-inositol; C00329:D-Glucosamine; C00329; C02262:D-Glucosamine; D-Galactosamine; C02262:D-Galactosamine; C01214; C06763; C12212; C17578:1-Amino-1-deoxy-scyllo-inositol; Nojirimycin; Kanosamine; neo-Inosamine-2; C16675; C00329:7-Aminomethyl-7-carbaguanine; D-Glucosamine"
"39","386.36055_11.887",4.53078900221669,-1.23793594406702,8.63359491836384,6.00965372020758e-06,0.000117419388071748,4.45732470029005,4450,NA
"40","473.28258_2.066",3.81612898127755,0.863469409872767,8.5679311345558,6.43246321944484e-06,0.000122538424330424,4.39222669404882,318,NA
"41","176.11574_13.685",3.93353584580734,-0.58881633770574,8.46418445006597,7.16791471089125e-06,0.000133218317309735,4.28838206710152,4732,NA
"42","330.22557_4.473",3.33628268939798,-0.196076989739231,8.42071688308928,7.50282247197282e-06,0.000136122636277221,4.24450890539458,1773,NA
"43","218.14473_12.265",3.70248678562069,-0.712972809332025,8.32711296903808,8.28326664916309e-06,0.000144728251867335,4.14929275434273,4510,NA
"44","182.12419_5.863",3.24038866524739,3.43108744489182,8.31876839260776,8.35701191884872e-06,0.000144728251867335,4.14075514693744,2457,NA
"45","116.08368_2.286",3.81198814127804,6.84390207601139,8.24124381042746,9.0772880464134e-06,0.0001537087442526,4.06104834925658,490,"S_Hexanoic acid"
"46","150.06795_2.412",5.10238847824733,3.59120417557458,8.19508803546738,9.53797443345487e-06,0.000157998619962883,4.01325793014561,607,"3,4-Dimethylbenzoic acid"
"47","131.10254_2.202",3.64171293335604,2.6689843120461,8.16227366618654,9.88093293796478e-06,0.00016019725316445,3.97912810294255,437,NA
"48","990.59048_2.067",4.20384591787945,1.54854927529052,8.01691085503699,1.15699044870341e-05,0.000183672233731666,3.82639057283439,321,NA
"49","272.10498_3.508",-6.36602652251473,2.38060438162817,-7.97440645533987,1.21212186816019e-05,0.000186128678406939,3.78124810730066,1396,"S_2-Methylbenzoic acid"
"50","187.12047_9.075",-3.95653346963632,0.897461124308222,-7.96752215837917,1.22131678744711e-05,0.000186128678406939,3.77391584824455,3868,"PutID_KEGG_C01092:8-Amino-7-oxononanoate"
"51","175.06317_6.081",-4.36051379429469,0.063853202970749,-7.80860746483868,1.45608890761899e-05,0.000217556813256014,3.60304332460465,2559,"PutID_KEGG_C00954:Indole-3-acetate; C06525:Gentianine; C00954; C02298; C03230; C05634:Indole-3-acetate; N-Acetylindoxyl; (Indol-3-yl)glycolaldehyde; 5-Hydroxyindoleacetaldehyde; C00954; C05634:Indole-3-acetate; 5-Hydroxyindoleacetaldehyde"
"52","253.10544_6.159",-3.13762154536255,-0.262455531124669,-7.74903881103519,1.55635903797698e-05,0.000223398133768486,3.53818574144039,2634,"PutID_ChemS_4816_:pyricarbate_ppm:0.001"
"53","233.01629_7.103",4.32961066159327,0.0288889651204232,7.74306199829201,1.56682596554057e-05,0.000223398133768486,3.53165375404861,3258,NA
"54","130.09938_2.145",3.12149701726781,5.64802516152202,7.70818612921263,1.62944633932497e-05,0.000223398133768486,3.4934488110735,398,"Heptanoic acid"
"55","195.13668_4.829",3.41066387316939,3.25269790043681,7.70556984184558,1.63425226341931e-05,0.000223398133768486,3.49057661166709,2059,"S_L-Tyrosine methyl ester"
"56","86.03673_3.117",-3.81878503782728,3.68394634366575,-7.6907938200146,1.66168506379707e-05,0.000223398133768486,3.4743390616367,1132,"PutID_KEGG_C16267:Cyclopropanecarboxylate; C00741:Diacetyl"
"57","259.13117_6.778",3.87276199354269,-0.0359602590564727,7.67677887403654,1.68816708867628e-05,0.000223398133768486,3.45891237841615,3142,"PutID_ChemS_30778612_:(4R)-4-{[3-(2-Aminoethyl)-1H-indol-5-yl]methyl}-1,3-oxazolidin-2-one_ppm:0.001"
"58","170.08226_4.919",3.64436898990576,1.38590720619307,7.67038225745495,1.70040574259478e-05,0.000223398133768486,3.4518631655555,2112,"PutID_BioCyc_(R)-noradrenaline_ID:NOREPINEPHRINE_ppm:5928.712; 6-hydroxydopamine_ID:CPD-7666_ppm:5928.712"
"59","257.20952_9.209",3.33628268939798,-0.461109931764242,7.54084668223114,1.97014698598157e-05,0.000250648056070837,3.30799120068128,3902,NA
"60","151.99137_6.873",-3.64171293335604,-1.47507594217775,-7.53796798379937,1.97664558853961e-05,0.000250648056070837,3.30476949615048,3176,"S_DL-Mandelic acid"
"61","169.0847_5.059",2.95122180934582,6.27890052880541,7.52487381266676,2.00650018639384e-05,0.000250648056070837,3.29010164128024,2196,"S_Methyl-L-histidinate"
"62","254.17352_5.44",-2.8998382494034,0.552856078649267,-7.49940203567478,2.06598596188887e-05,0.000253916339186987,3.26150523457862,2360,NA
"63","275.0828_4.607",3.47143772543404,1.62557254271849,7.39016100530138,2.34368874781959e-05,0.000283474734260084,3.13790835390595,1902,NA
"64","256.18919_9.553",-3.9445497815411,0.94758746902807,-7.30551232094059,2.58668891346076e-05,0.000304469634402246,3.04106079341502,4002,NA
"65","89.99542_15.447",-4.61877751749484,1.63519267286051,-7.29107579096414,2.63079213972282e-05,0.000304469634402246,3.02444932962672,4872,"PutID_KEGG_C00209:Oxalate"
"66","180.04227_6.384",-4.27822710165085,0.598436467847755,-7.28901998403714,2.63713856568874e-05,0.000304469634402246,3.02208155744577,2844,"PutID_KEGG_C01179:3-(4-Hydroxyphenyl)pyruvate; C01405:Aspirin; C01197:Caffeate; C01179; C05350:3-(4-Hydroxyphenyl)pyruvate; 2-Hydroxy-3-(4-hydroxyphenyl)propenoate; C12623:trans-2,3-Dihydroxycinnamate; C01197; C12623:Caffeate; trans-2,3-Dihydroxycinnamate; C01179; C12623:3-(4-Hydroxyphenyl)pyruvate; trans-2,3-Dihydroxycinnamate; C01179; C01197:3-(4-Hydroxyphenyl)pyruvate; Caffeate"
"67","307.17349_3.347",3.29702167751252,0.0603032686555365,7.19222057849177,2.95558520019788e-05,0.00033614267500758,2.90995574710422,1312,"PutID_KEGG_C21255:Lividamine"
"68","363.21449_4.496",3.49443534926302,0.215345824717638,7.13856462396074,3.14985441144931e-05,0.000352968979635937,2.84726354772949,1799,NA
"69","228.15808_6.396",-3.44992488505485,0.698249929874977,-7.0987710770102,3.30285235098547e-05,0.000363486023914801,2.80051738426801,2857,"S_Prolylleucine"
"70","169.14629_11.963",5.44707973409085,3.46194495463326,7.08963302287489,3.33911045591025e-05,0.000363486023914801,2.78975246226251,4465,"PutID_KEGG_C10773:Lupinine"
"71","117.08694_2.329",3.70248678562069,3.94443333016941,7.05185657755,3.49363843132961e-05,0.000374951054179319,2.74513013243477,517,NA
"72","215.15195_2.473",3.89841567392139,3.52735097260383,7.014278556318,3.65506244118414e-05,0.000386827441691988,2.70054910580376,730,"PutID_ChemS_8352257_:N-Nonanoylglycine_ppm:0; 94028_:Ethyl N-acetyl-N-butyl-beta-alaninate_ppm:0"
"73","210.08913_3.278",-3.48770111349052,0.976037206736019,-6.99260997377255,3.7517995875066e-05,0.00038820858720566,2.67475453345811,1262,"PutID_KEGG_C02325:Sinapyl alcohol"
"74","201.14738_9.533",2.66878918921675,0.732241644310432,6.98279567635242,3.79652295523863e-05,0.00038820858720566,2.66305026329525,3989,NA
"75","134.0401_2.479",3.70248678562069,1.15129254649702,6.97342239913005,3.83977556482004e-05,0.00038820858720566,2.65185958452089,743,"PutID_KEGG_C04022:S,S-Dimethyl-beta-propiothetin"
"76","216.18324_12.292",3.48770111349052,0.706926111296498,6.96653505172261,3.87189667029268e-05,0.00038820858720566,2.64362913456238,4514,NA
"77","284.17304_4.53",3.43217671354858,1.57644221920479,6.92998983582649,4.04727132678848e-05,0.00040052217545621,2.59984785584994,1834,NA
"78","116.01097_2.981",-3.95653346963632,1.37470568635686,-6.91355228099945,4.12893781625443e-05,0.000403365463587933,2.58009547211703,1018,"PutID_KEGG_C00122:Fumarate; C00122; C01384:Fumarate; Maleic acid"
"79","186.17276_11.082",3.91727245775086,4.17294921934427,6.88853064972273,4.25669376075484e-05,0.000410582360214581,2.54995608909528,4324,NA
"80","257.07219_4.463",4.47001514995204,0.832055106337654,6.85354252255667,4.44255778376375e-05,0.00041917022750385,2.50766592810024,1763,"PutID_ChemS_106713_:ethiofencarb sulfone_ppm:0"
"81","231.15757_9.506",2.83906439713875,-0.799616206902018,6.84330199514607,4.49860401212391e-05,0.00041917022750385,2.495255955435,3972,"PutID_ChemS_16267810_:g-Aminobutyryl-lysine_ppm:0.001"
"82","211.13151_13.774",-3.36880946551094,2.72520942728713,-6.84109988406265,4.51075572904406e-05,0.00041917022750385,2.49258541868895,4738,"S_Nifedipine"
"83","274.23603_14.115",3.74174779750615,-0.624776596762213,6.82851368683129,4.5808936927454e-05,0.000420559155888192,2.47730893724003,4783,"S_N-[4-(3-Chloro-4-methylphenyl)-5-methyl-1,3-thiazol-2-yl]-N'-(5-methyl-3-phenyl-4-isoxazolyl)urea"
"84","256.18897_6.216",2.77414970487458,0.0375130740562923,6.77090595588063,4.91731618580952e-05,0.000446070825427006,2.40710468299614,2701,"S_Nifedipine"
"85","257.20957_11.204",3.28489912945557,1.22931183513115,6.74163095885569,5.09843312720671e-05,0.000455034365450906,2.37124982331104,4334,NA
"86","168.10861_6.361",2.56875432506663,2.5412779061046,6.73576904879297,5.1355584552202e-05,0.000455034365450906,2.36405587998347,2828,NA
"87","318.26201_12.933",3.30116251751204,-0.634396726904228,6.71532214282808,5.26735939562991e-05,0.000461348029824137,2.33892475298623,4613,NA
"88","401.2246_3.468",3.37554370128345,1.39805267474977,6.60732529167467,6.02692619734166e-05,0.00052187701845163,2.20520341088123,1381,"PutID_BioCyc_atabrine_ID:ATABRINE_ppm:5026.75"
"89","129.07376_9.422",3.53221157769869,0.712972809332025,6.57241905128211,6.29710220344859e-05,0.000535864206292356,2.16162713185973,3938,NA
"90","533.30321_4.789",2.95122180934582,1.53185785121245,6.56839184132676,6.32910479872861e-05,0.000535864206292356,2.15658841353344,2029,NA
"91","129.04259_6.155",-5.83479667069274,2.10947266908198,-6.54106418446323,6.55096039190935e-05,0.000545630767295396,2.12233542761444,2629,"PutID_KEGG_C01879:5-Oxoproline; C02237:5-Oxo-D-proline; C01877; C04281; C04282:4-Oxoproline; L-1-Pyrroline-3-hydroxy-5-carboxylate; 1-Pyrroline-4-hydroxy-2-carboxylate; C04281:L-1-Pyrroline-3-hydroxy-5-carboxylate"
"92","330.29835_12.941",3.47143772543404,-0.524963134734991,6.53663909130355,6.58766805658483e-05,0.000545630767295396,2.11677884154076,4615,NA
"93","304.24651_13.211",2.83906439713875,-1.03675620501275,6.50277736242894,6.87602353262289e-05,0.000553374605603896,2.0741653762165,4653,NA
"94","288.11288_2.486",3.83764182165674,0.863469409872767,6.50258872240323,6.87766759276778e-05,0.000553374605603896,2.07392751832392,753,"S_Prednisone"
"95","213.09308_6.11",2.56875432506664,0.323783395680728,6.50014232421468,6.89902723521918e-05,0.000553374605603896,2.07084236793343,2588,NA
"96","152.10347_6.886",-3.47409378198377,-1.7436302438236,-6.48976803274046,6.99040464949263e-05,0.000554863369053478,2.05774975948262,3185,"S_DL-Mandelic acid"
"97","263.11858_5.013",3.10523362921134,1.1872528055535,6.45134279033414,7.34040607640392e-05,0.000572158940381296,2.00912062310445,2169,"PutID_KEGG_C16594:7-Mercaptoheptanoylthreonine"
"98","164.09456_5.932",2.6362624131038,6.27083321366322,6.44147964187004,7.4332647533406e-05,0.000572158940381296,1.9966038091225,2477,"S_Halofuginone"
"99","274.14211_7.528",3.33628268939799,-0.654222355676308,6.44144838481549,7.43356103644991e-05,0.000572158940381296,1.99656411997651,3412,"PutID_ChemS_21899_:Ormetoprim_ppm:0.001"
"100","274.0973_2.528",-4.53492984221621,0.109433592169237,-6.42600608846151,7.58150738132889e-05,0.000577710862457261,1.97693867620328,811,"S_4-Toluic acid"
"101","243.19393_9.486",2.83906439713875,0.503725755135566,6.35833632006065,8.26833292529552e-05,0.000623808880106454,1.89052878159519,3963,NA
"102","309.17897_3.382",3.06597261732588,0.0683705837977331,6.33994054509756,8.46644032614145e-05,0.00063249289495292,1.86692306491406,1334,NA
"103","101.94092_2.457",-4.20384591787945,0.186456859597214,-6.32274515976375,8.65625478723292e-05,0.000640394771638008,1.84481292606463,685,NA
"104","224.16375_9.599",2.54575670123765,-1.35499762396598,6.25570885402608,9.44125006410267e-05,0.000691753129696753,1.7582021230441,4064,NA
"105","118.08761_2.341",2.95122180934582,1.55975079512673,6.22678149237584,9.8033956452635e-05,0.000711446426827694,1.72062372380766,529,NA
"106","243.19385_11.731",2.98634198123176,0.357775110116183,6.21019938514976,0.000100177170186751,0.000720141544172678,1.69902686109035,4427,NA
"107","332.27764_12.84",2.87418456902469,-1.12850235189778,6.17512385440959,0.00010487881492257,0.000740831699072197,1.65320979486154,4604,NA
"108","358.25655_3.027",3.56733174958463,1.19845432538971,6.16972006495334,0.000105624049054067,0.000740831699072197,1.6461349478113,1062,NA
"109","85.08946_12.712",2.35396865293647,1.27999497364467,6.1672111581971,0.00010597198844996,0.000740831699072197,1.64284871966827,4586,"PutID_KEGG_C01746:Piperidine"
"110","398.15111_5.177",2.71751669260944,-0.114536341484269,6.13957148812339,0.00010988788850254,0.000761223373081231,1.60658376355971,2260,NA
"111","237.18321_3.647",2.6080153369521,0.796094847281181,6.13040664639127,0.000111220513674392,0.000763513796575556,1.59453387228451,1458,NA
"112","104.04744_4.589",-2.825457065632,5.9216822124829,-6.10708937505622,0.000114690096060219,0.000780302260695421,1.5638201008412,1883,"PutID_KEGG_C01089:(R)-3-Hydroxybutanoate; C00989:4-Hydroxybutanoic acid; C05984:2-Hydroxybutanoic acid; C00989; C01089:4-Hydroxybutanoic acid; (R)-3-Hydroxybutanoate; C06001:(S)-3-Hydroxyisobutyrate; C00989; C01089; C06001:4-Hydroxybutanoic acid; (R)-3-Hydroxybutanoate; (S)-3-Hydroxyisobutyrate"
"113","154.08703_7.058",2.45925296940929,1.58961228366202,6.09079769674192,0.000117183356566495,0.000790209891182912,1.54231247155052,3234,"PutID_BioCyc_vanillylamine_ID:CPD-9327_ppm:6542.073; octopamine_ID:CPD-58_ppm:6542.073; dopamine_ID:DOPAMINE_ppm:6542.073"
"114","229.14203_6.736",-3.13088730959005,-1.23793594406702,-6.08076006302759,0.000118748513426684,0.000793740063430995,1.52904148434397,3111,NA
"115","209.94182_11.847",-3.08637684538187,-3.22380893531638,-6.04782606013981,0.000124043953213656,0.0008219260204244,1.48539304744404,4448,NA
"116","316.23633_2.416",3.21739104141841,0.537160675777349,6.03432981238196,0.000126286945306203,0.000829574588994196,1.46745923077408,615,"PutID_ChemS_58837311_:(1Z)-N-[(3Z)-3-(Heptylimino)-3-hydroxypropyl]-2,4-dihydroxy-3,3-dimethylbutanimidic acid_ppm:0"
"117","116.12072_2.346",3.48770111349052,0.854845300936898,5.98921100747861,0.000134107912027053,0.000873420760381321,1.40730733986804,531,"S_Pimelic acid"
"118","205.14219_7.315",-5.16464711396178,-0.0612757920704072,-5.96921921274468,0.000137738543819324,0.000889464155850209,1.38055688406381,3328,NA
"119","257.1992_1.587",3.35928031322697,0.455063233728715,5.95226927710655,0.000140899619764649,0.000902231178661027,1.35782962092226,134,"PutID_ChemS_307040_:N-Dodecanoylglycine_ppm:0"
"120","129.09183_9.627",-2.48225059323828,-0.396260707587346,-5.93883298897783,0.000143460857439531,0.000907137459944027,1.33978292352691,4121,NA
"121","330.22574_2.792",2.33770526487999,-0.229072682968539,5.93579558310613,0.000144046762012109,0.000907137459944027,1.33569952462197,918,NA
"122","198.99725_4.465",3.49443534926302,0.257961648088962,5.91986611694812,0.00014716192947489,0.000918206877788797,1.31426167653166,1766,NA
"123","243.1833_1.615",3.48770111349052,1.44521445364246,5.9145656224698,0.000148214496021026,0.000918206877788797,1.30711980570711,138,"PutID_ChemS_399857_:N-Undecanoylglycine_ppm:0"
"124","313.17265_5.619",4.29559910203052,2.08823528948255,5.90281436786948,0.000150577027425343,0.000925320120146061,1.2912711002394,2400,NA
"125","121.05272_4.758",3.0024665093265,0.522437796320301,5.89479469278255,0.000152212571769966,0.000927887837509714,1.2804431559058,2009,"S_1-(4,7-Dimethylpyrazolo[5,1-c][1,2,4]triazin-3-yl)ethan-1-one"
"126","276.0944_2.539",-3.13088730959005,-0.524963134734991,-5.86649602707582,0.000158138186484964,0.0009563595087424,1.24215753483303,823,"PutID_KEGG_C20912:C20912"
"127","211.09509_2.417",2.79980338525328,-0.438319737164998,5.85999644691546,0.000159533892082547,0.000957203352495281,1.23334709451531,617,"PutID_KEGG_C07207:Zalcitabine"
"128","224.06848_2.177",-2.91610163745988,1.31595523270114,-5.78923957210041,0.000175614531439296,0.00104545525747456,1.13701991538351,421,"PutID_KEGG_C20653; C20654:2-Benzylmalic acid; 3-Benzylmalic acid; C00482:Sinapate"
"129","453.23931_4.348",2.65104101771048,-0.137326536083514,5.77212605639237,0.000179759932594767,0.00105412696563191,1.11360798735534,1698,"S_Bupirimate"
"130","313.17259_4.609",3.72399962599988,0.95011280744276,5.77180811986238,0.000179837933769224,0.00105412696563191,1.1131726180789,1904,NA
"131","167.17105_6.332",2.24446729727912,-0.0166914240780649,5.74586200937309,0.000186327636024122,0.00108382945534642,1.07759137417955,2808,NA
"132","507.83933_22.694",-2.64727634883756,-3.20553612154412,-5.72289556113789,0.000192282119947215,0.00110999223787711,1.04601101397638,5038,NA
"133","577.1613_6.52",-3.74174779750615,-0.21590261851131,-5.68530947757483,0.000202472275346223,0.00116002912641971,0.994154745267657,2957,"S_Furazolidone"
"134","289.19907_3.28",2.16743005695799,0.47427999622147,5.67574477213542,0.000205156926651,0.00116346079480237,0.980924340697121,1264,NA
"135","206.14155_12.816",-4.5092761618375,2.72773476570182,-5.66457412441225,0.000208340793108007,0.00116346079480237,0.9654548855855,4600,"PutID_KEGG_C16561:Monoethylglycinexylidide"
"136","307.11586_9.509",2.62952817733129,-1.25110600852424,5.65988700846052,0.000209692475384455,0.00116346079480237,0.958958366257833,3974,"S_Carbendazim"
"137","131.03679_4.416",2.30258509299405,0.763655947845546,5.65667687529028,0.000210623649918489,0.00116346079480237,0.954507070703512,1727,"S_Spiramycin"
"138","168.98662_5.97",2.57289516506616,-0.515343004592975,5.65639543957306,0.000210705498271296,0.00116346079480237,0.954116746171793,2495,"S_Pyridoxine"
"139","181.12136_5.889",2.68764597304622,6.16492098111482,5.63583533559289,0.000216778196579735,0.00118838119276085,0.925569208393201,2461,NA
"140","392.2928_2.451",-3.03085244543993,3.00238783786884,-5.58303111262445,0.000233251832027363,0.00126955640003465,0.851955780108072,679,"Deoxycholic acid"
"141","173.15503_12.717",2.16069582118548,1.30436655793811,5.55970778617107,0.000240951211285175,0.00130068337855192,0.819305754367269,4588,NA
"142","265.17821_13.342",2.77829054487409,-1.13812248203979,5.55545411271923,0.000242384566606788,0.00130068337855192,0.813342142147745,4669,NA
"143","257.13123_1.288",-2.99987311355351,2.43991162907756,-5.525776067748,0.000252643127782915,0.00133566325710929,0.771656937539912,15,NA
"144","122.08426_2.175",-3.20526849336145,1.57644221920479,-5.52549318241805,0.000252743121371654,0.00133566325710929,0.771258955406882,419,"PutID_ChemS_24534_:2-Ethyl-6-methylpyrazine_ppm:0; 31832_:2-Isopropylpyrazine_ppm:0; 24144_:2-Ethyl-5-methylpyrazine_ppm:0; 78899_:2-Propylpyrazine_ppm:0; 25551_:2-Ethyl-3-methylpyrazine_ppm:0; 6982_:2,5-Diaminotoluene_ppm:0; 24972_:Trimethylpyrazine_ppm:0; 12650_:2,6-diaminotoluene_ppm:0; 6991_:2,4-Diaminotoluene_ppm:0; 68424_:2-Pyridylethylamine_ppm:0"
"145","404.21579_3.576",2.86057723751794,0.174839610139806,5.52149300749093,0.000254161643413185,0.00133566325710929,0.765629932051205,1421,NA
"146","463.23214_5.309",2.87418456902469,0.453042616622046,5.50930009666275,0.000258538332060925,0.0013493575960988,0.748457064529693,2316,NA
"147","235.12066_4.502",4.54439633372344,1.849542476372,5.49538037965967,0.000263633821337594,0.00135927590056394,0.728824359150468,1804,"PutID_ChemS_28569594_:1-[(4E)-4-(4-Methyl-5-oxo-2(5H)-furanylidene)butyl]-2-pyrrolidinone_ppm:0; 390773_:N-Methylanhalonine_ppm:0"
"148","153.00948_6.75",3.1444946410968,0.338506275137776,5.49437406832974,0.000264006342891684,0.00135927590056394,0.727403886449875,3122,"PutID_KEGG_C00606:3-Sulfino-L-alanine"
"149","230.12629_5.983",-2.3633589452587,2.24679920516549,-5.47545930427303,0.000271114270219109,0.0013807417954515,0.700675715942571,2499,"PutID_ChemS_35032811_:4-Hydroxyprolylvaline_ppm:0; 8418431_:Valyl-4-hydroxyproline_ppm:0"
"150","92.06264_4.667",-2.59440800544535,-0.11298352648445,-5.47366382716085,0.000271799566033759,0.0013807417954515,0.69813571444365,1951,"PutID_KEGG_C01455:Toluene"
"151","132.07856_2.024",-2.4377401290301,7.03448916150876,-5.45975619331542,0.000277171101160708,0.00139870449724808,0.678444370814641,286,"2-Hydroxycaproic acid"
"152","153.0898_7.032",2.34709555720222,6.20088124017129,5.42438721107292,0.000291350676346829,0.00145912731037893,0.628233529681269,3220,"N-Acetylhistamine"
"153","152.06022_2.399",3.20526849336145,0.776826012302774,5.42045520044799,0.000292974381217816,0.00145912731037893,0.622639730260762,588,NA
"154","337.2467_4.311",2.9742194331748,-0.317684625159549,5.37124783297495,0.000314134377783188,0.00155435321994019,0.552436125127853,1680,NA
"155","222.08518_5.186",3.00933960506074,0.583713588390708,5.3510297102831,0.000323297579128422,0.00158937261481198,0.523483979034419,2264,"S_6-Chloro-N2,N3-diethylquinoxaline-2,3-diamine"
"156","187.13167_9.36",2.72690698493167,1.76899784932319,5.33610439101716,0.000330245360922634,0.00161312157066056,0.502071035340578,3928,"S_Isoleucine"
"157","305.20937_4.188",2.30258509299405,0.763655947845546,5.31591548526134,0.000339898680883234,0.00164969933014665,0.473052470407933,1637,NA
"158","175.1104_3.045",2.51737076512422,1.00534190147764,5.30755438529603,0.00034398454781087,0.00165896345210053,0.461016414331724,1073,"PutID_ChemS_2860_:debrisoquine_ppm:0.001"
"159","126.0429_5.301",-3.31055280983428,5.22797823812929,-5.28959825007843,0.000352937926662201,0.00169143836551319,0.435131972927929,2310,"PutID_KEGG_C02835:Imidazole-4-acetate; C00178:Thymine"
"160","160.08446_11.193",-2.0715360328074,-1.66308561677479,-5.27982981610307,0.000357913114179112,0.00170456120627802,0.421029758842442,4331,"PutID_KEGG_C00993:D-Alanyl-D-alanine; C06442; C19929:N(gamma)-Acetyldiaminobutyrate; N(alpha)-Acetyl-L-2,4-diaminobutyrate; C06442:N(gamma)-Acetyldiaminobutyrate; C00993; C06442; C19929:D-Alanyl-D-alanine; N(gamma)-Acetyldiaminobutyrate; N(alpha)-Acetyl-L-2,4-diaminobutyrate"
"161","244.17809_8.964",3.16600748147599,0.904532418244272,5.27024724920644,0.000362866574827313,0.00170462972834919,0.407181736815133,3832,"PutID_KEGG_C01255:N-(6-Aminohexanoyl)-6-aminohexanoate"
"162","198.06367_10.463",-3.30116251751204,-0.150496600540742,-5.26770849276629,0.000364191167730977,0.00170462972834919,0.403510567074125,4242,"PutID_KEGG_C06660:Clavaminic acid"
"163","258.1276_1.312",-2.36749978525822,3.66978025800238,-5.26685307868703,0.00036463864267837,0.00170462972834919,0.402273373953208,32,NA
"164","260.19857_2.219",3.64171293335604,1.55010209029034,5.25381348872138,0.000371533044682482,0.0017262693905369,0.383400291714724,447,"S_(+/-)12(13)-DiHOME"
"165","577.32921_4.67",2.88357486134692,0.620282713726505,5.23545519192293,0.00038147682410521,0.00176172933314042,0.356785178794021,1954,"PutID_ChemS_102887_:Dihydro-a-ergocryptine_ppm:-0.003"
"166","171.10042_6.257",-3.10937446921086,0.771723262987742,-5.21954896820378,0.000390322574812129,0.0017917216988364,0.333683487367241,2735,NA
"167","209.01794_4.486",-2.66878918921675,0.242242747425767,-5.20602377351018,0.000398016692159846,0.00181610011632217,0.314009636357569,1787,NA
"168","180.00094_13.555",-3.3619363697767,-3.42598469557679,-5.17675718151656,0.00041522601488647,0.001869755182847,0.271343001303659,4713,NA
"169","414.31895_2.502",2.76468321336734,0.958180122584956,5.17420584973303,0.000416763475491998,0.001869755182847,0.267617344239206,779,NA
"170","136.01936_5.113",-3.57147258958415,-0.251862877567784,-5.17358755228511,0.000417136983049855,0.001869755182847,0.266714308396714,2229,"PutID_ChemS_2551753_:S-methyl D-thioglycerate_ppm:0; 389125_:S-Methyl (2R)-2,3-dihydroxypropanethioate_ppm:0"
"171","137.05846_4.827",1.92277366526459,6.81600913209711,5.12349055350086,0.000448621160246111,0.00199911885443004,0.193353807700118,2057,"S_2-({2-[(1,3-Dimethyl-1H-pyrazol-5-yl)amino]-2-oxoethyl}sulfanyl)acetic acid"
"172","445.25071_3.207",2.73902953298863,1.16601542595407,5.10730928130707,0.000459325176477822,0.00203491735160523,0.169577145083212,1202,NA
"173","128.09473_9.146",-2.22820390922265,5.63385907585865,-5.08687764726966,0.000473231823374979,0.00208440837810251,0.139498402196117,3888,"S_Propoxyphenyl thiohydroxyhomosildenafil"
"174","259.1888_11.075",3.23365442947488,1.35504969645163,5.04569006865549,0.000502650419428356,0.00220015531697106,0.0786716677787584,4323,"PutID_ChemS_16568341_:lys-ile_ppm:0.001; 14048382_:leu-lys_ppm:0.001; 16568326_:ile-lys_ppm:0.001; 3870665_:lys-leu_ppm:0.001"
"175","261.20439_2.403",-3.07425429732492,1.18880562055331,-5.04212768881545,0.000505285013740074,0.00220015531697106,0.0733986345143443,593,NA
"176","164.09464_16.46",2.93495842128934,-0.163666664997971,5.03690000864049,0.000509177899280359,0.00220450885938428,0.0656571602774934,4905,"S_Iodocarb (IPBC)"
"177","172.08866_12.689",2.53363415318069,0.109433592169237,4.99186687626038,0.000544067667856661,0.00232447616533794,-0.00120110660325423,4582,"PutID_ChemS_4474931_:(2E,4E)-1-Phenyl-2,4-hexadien-1-one_ppm:0; 4647469_:(3E,5E)-6-Phenyl-3,5-hexadien-2-one_ppm:0; 6862_:.beta.-Naphthol ethyl ether_ppm:0"
"178","263.15201_1.622",4.04303720146468,2.31378661283026,4.99145366850558,0.000544399364667643,0.00232447616533794,-0.00181598584355047,139,"PutID_ChemS_17207458_:N-(4-Heptanyl)-1,3-benzodioxole-5-carboxamide_ppm:0"
"179","187.12046_6.894",-2.53363415318069,0.503725755135566,-4.98941583405049,0.000546038364298546,0.00232447616533794,-0.00484878731216032,3188,"PutID_KEGG_C01092:8-Amino-7-oxononanoate"
"180","206.14147_12.255",-4.81470640579555,2.61319842421755,-4.97563339022951,0.000557262400971458,0.00235907749744584,-0.025376837075334,4506,"PutID_KEGG_C16561:Monoethylglycinexylidide"
"181","311.13715_3.386",-2.29046254493709,0.235171453489718,-4.94481129987659,0.000583262638060293,0.00245550348177869,-0.0713873805359757,1339,"PutID_ChemS_32772177_:4-[(2E,4Z)-6-Carboxy-2,4-heptadien-2-yl]-3-(carboxymethyl)proline_ppm:0; 4946671_:isodomoic acid A_ppm:0; 5422667_:Benzyl 2-acetamido-2-deoxy-beta-D-glucopyranoside_ppm:0; 4445428_:Domoic acid_ppm:0"
"182","96.06879_9.588",-1.9012608248854,5.75646273248511,-4.91234629465899,0.000612051996291002,0.0025625473690865,-0.120004082434831,4032,"S_N1-(1,3,5-Trimethyl-1H-pyrazol-4-yl)-2-cyano-3-(dimethylamino)acrylamide"
"183","132.08968_12.809",-3.11462392153357,0.307091971602663,-4.88485890318681,0.000637610917591422,0.00265497005029871,-0.161289627553558,4596,"PutID_KEGG_C00077; C00515; C03943:L-Ornithine; D-Ornithine; (2R,4S)-2,4-Diaminopentanoate; C00077:L-Ornithine; C00077; C00515:L-Ornithine; D-Ornithine"
"184","276.08273_1.315",-2.84845468946098,0.243238768631914,-4.87944496586072,0.00064277767708435,0.00266193798879497,-0.169434511119163,34,"PutID_ChemS_7830990_:(E,Z)-Gloxazone_ppm:0"
"185","330.25182_2.372",2.79980338525329,0.95011280744276,4.87425400767803,0.000647773510611177,0.0026681265680309,-0.17724802814825,554,"S_Hexanoic acid"
"186","299.25652_9.791",2.59175194889562,-0.187013653390887,4.85631864632209,0.000665355257762908,0.00272581024954482,-0.204275415559243,4158,NA
"187","284.14745_7.454",2.27693141261534,0.114536341484269,4.84151265681081,0.000680252008207301,0.00277193599066291,-0.226622972679643,3371,NA
"188","277.16772_1.556",3.03085244543993,0.109433592169237,4.83661705072468,0.000685255376341539,0.00277747125942688,-0.234019337809726,124,"PutID_ChemS_58838088_:1-[2-(Hydroxyamino)phenyl]-1,3-decanedione_ppm:0; 4946648_:(4E)-N-(4-Hydroxy-3-methoxybenzyl)-6-methyl-4-heptenamide_ppm:0; 33736_:3-Isopropyl-5-methylphenyl (2-oxopentyl)carbamate_ppm:0"
"189","101.08421_9.201",-2.26746492110811,3.14326430826757,-4.80773289000407,0.00071558355971541,0.0028850511772653,-0.277730072649752,3901,"PutID_KEGG_C17255; C19491:3-Methylbutyraldehyde oxime; (E)-2-Methylbutanal oxime; C19491; C20312:(E)-2-Methylbutanal oxime; (Z)-2-Methylbutanal oxime; C12455:5-Aminopentanal; C12455; C17255; C19491; C20312:5-Aminopentanal; 3-Methylbutyraldehyde oxime; (E)-2-Methylbutanal oxime; (Z)-2-Methylbutanal oxime"
"190","228.12152_8.937",-2.95122180934582,0.444418507686177,-4.74297465342931,0.00078888985808751,0.00316386353611938,-0.376175350512738,3818,"S_Netilmicin"
"191","326.22039_2.728",1.93638099677134,0.351676339595004,4.73485697406497,0.000798627469416402,0.00318614728636282,-0.388559115563576,905,"S_4-Dodecylbenzenesulfonic acid"
"192","763.3978_7.041",2.64313550883804,-0.812786271359247,4.6764952726996,0.000872507433318198,0.00345007031716375,-0.47787370293292,3226,"PutID_ChemS_35013775_:2,2'-({11,16,18-Trihydroxy-19-[(Z)-(1-hydroxyethylidene)amino]-5,9-dimethyl-6,7-icosanediyl}bis[oxy(2-oxo-2,1-ethanediyl)])disuccinic acid_ppm:0.001"
"193","122.03676_6.561",-2.70805020110221,1.27802642902365,-4.67549388464258,0.000873836707628089,0.00345007031716375,-0.479410495749311,3007,"PutID_KEGG_C15474:Tropolone; C00633:4-Hydroxybenzaldehyde; C06202:Salicylaldehyde; C00180:Benzoate; C00180; C00633; C03067:Benzoate; 4-Hydroxybenzaldehyde; 3-Hydroxybenzaldehyde; C00180; C00633:Benzoate; 4-Hydroxybenzaldehyde; C00633; C06202:4-Hydroxybenzaldehyde; Salicylaldehyde; C00180; C03067; C06202:Benzoate; 3-Hydroxybenzaldehyde; Salicylaldehyde; C00180; C00633; C03067; C06202:Benzoate; 4-Hydroxybenzaldehyde; 3-Hydroxybenzaldehyde; Salicylaldehyde; C00180; C00633; C06202:Benzoate; 4-Hydroxybenzaldehyde; Salicylaldehyde"
"194","363.22576_6.525",2.12965382852232,0.141872491604873,4.66814929368212,0.000883652108891164,0.0034708397266756,-0.490686387964765,2964,NA
"195","179.10553_6.212",2.18103738846474,-0.438319737164998,4.62763858265454,0.00093993588020172,0.00366169619403022,-0.553020536641443,2693,"PutID_ChemS_3617_:Iproniazid_ppm:0"
"196","271.22511_10.592",2.83906439713875,0.161698120376953,4.62630399997897,0.000941853614212496,0.00366169619403022,-0.555078075279664,4262,NA
"197","250.1674_13.095",2.0715360328074,0.122603656626465,4.62283604569595,0.000946856339708804,0.00366245954750309,-0.560425844201839,4631,"S_Lidocaine N-oxide"
"198","307.16339_7.992",1.84048697262075,0.78644614244479,4.61882582307229,0.000952676487889273,0.00366636102914962,-0.566611963348628,3554,NA
"199","142.07394_6.375",-3.38493399360568,0.844252647380012,-4.6084104395707,0.000967970622390346,0.00370650057417811,-0.58268933130344,2839,"S_Daminozide"
"200","188.11567_12.175",-4.57005001410215,0.349151001180314,-4.59850076862539,0.000982764089866868,0.00373649142643369,-0.598000430727195,4496,"PutID_KEGG_C02727:N6-Acetyl-L-lysine"
"201","180.14688_11.607",3.61871530952705,-0.582717567184561,4.59661257353009,0.000985609943193138,0.00373649142643369,-0.600919403165798,4411,NA
"202","355.15532_4.483",2.62013788500906,-1.00786723989233,4.58189502605293,0.00100809374566282,0.0038028090801736,-0.623688715515095,1783,"PutID_ChemS_388529_:S-Adenosylmethioninamine_ppm:-0.001; 1048_:(3-Aminopropyl){[5-(6-amino-9H-purin-9-yl)-3,4-dihydroxytetrahydro-2-furanyl]methyl}methylsulfonium_ppm:-0.001"
"203","254.12834_2.401",4.74032522202415,2.80631084812961,4.56047455117388,0.00104179429889735,0.00391057761458021,-0.656882889216899,591,NA
"204","318.1573_4.572",2.28897776148729,1.61240247826126,4.55651105880996,0.00104815988242906,0.00391518544319089,-0.663032012422514,1870,"PutID_ChemS_137788_:(3S,6S)-3-(Hydroxymethyl)-6-{4-[(3-methyl-2-buten-1-yl)oxy]benzyl}-2,5-piperazinedione_ppm:0.001; 110211_:Imiprothrin_ppm:0.001"
"205","243.11552_1.305",-2.25120153305163,2.66036020311023,-4.51390097844406,0.00111925702939015,0.004160360275099,-0.729278550577673,27,"PutID_ChemS_138737_:N-Ethyl-N'-isopropyl-6-(methylsulfinyl)-1,3,5-triazine-2,4-diamine_ppm:0"
"206","271.14684_1.29",-2.26746492110811,2.25190195448052,-4.50451444743089,0.00113559511758455,0.0042005994155312,-0.743906100759971,18,"PutID_ChemS_12730_:N-Isopropyl-N'-(3-methoxypropyl)-6-(methylsulfanyl)-1,3,5-triazine-2,4-diamine_ppm:0"
"207","156.12591_13.374",2.30258509299405,1.74368231630925,4.49171750018355,0.00115827735860959,0.00426380360995414,-0.763868062728157,4671,NA
"208","319.16307_4.524",2.32409793337324,-0.214349803511491,4.48463301971824,0.00117104025832933,0.00428059513870546,-0.774928932311017,1829,NA
"209","203.12654_7.08",-3.00260536928824,-0.544179897227747,-4.48296106520831,0.0011740739947368,0.00428059513870546,-0.777540339659156,3245,"PutID_ChemS_227624_:Lys-Gly_ppm:0; 270650_:Gly-Lys_ppm:0"
"210","152.13098_11.832",-2.53363415318069,1.62005406378226,-4.46380487301895,0.00120943244606999,0.00438851201859682,-0.807487792198401,4443,NA
"211","172.15714_12.169",2.17157089695751,5.62875632654362,4.43335523615609,0.0012679749466009,0.00457913227161084,-0.855194674393499,4494,NA
"212","247.12408_1.624",3.91202300542815,2.30413790799386,4.4289284270506,0.00127673246165222,0.00458901007442919,-0.862140948740413,140,NA
"213","173.11611_6.283",-2.63366901733081,2.75562770961609,-4.42386431520172,0.00128682926101123,0.00460358637037819,-0.870090521742113,2757,"S_Acetylarginine"
"214","371.17888_4.51",1.80122596073529,1.66818836608982,4.41848194222508,0.00129765324406062,0.00462061575688874,-0.878543531615605,1810,"S_2-sec-Butyl-3-methoxypyrazin"
"215","172.13209_15.513",1.80122596073529,0.524963134734991,4.41462198470205,0.00130547490074685,0.00462684592729815,-0.884608019877979,4876,"PutID_ChemS_388732_:N-(4-Carbamimidamidobutyl)acetamide_ppm:0"
"216","227.1265_14.914",-4.60517018598809,1.54502791566968,-4.40578532924621,0.00132356944086999,0.00466925886084691,-0.898499167505052,4843,NA
"217","204.11056_2.13",-2.00129568903551,1.08743934352627,-4.40174237963867,0.00133193630150283,0.00467570252045301,-0.904858184960279,386,"PutID_KEGG_C03955:N6-Acetyl-N6-hydroxy-L-lysine"
"218","191.06899_8.665",2.20669106884345,0.626329411762032,4.39898814931032,0.00133766817514273,0.00467570252045301,-0.909191488780151,3727,"PutID_ChemS_23741_:Carbendazim_ppm:0"
"219","168.12583_12.802",-2.76468321336734,1.17408274109627,-4.39585646157164,0.00134421727889763,0.00467713957315067,-0.914119904567561,4595,NA
"220","295.16342_3.465",3.0486006169462,0.606503782989952,4.3783528596149,0.00138145099227309,0.00478484389141862,-0.941690164689228,1378,NA
"221","94.05318_15.86",3.43217671354858,6.05390599925139,4.35757486648182,0.001427069766448,0.00492048489607862,-0.974471492290061,4891,"S_N1-(4-Pyridyl)-5-nitro-2-(phenylthio)benzamide"
"222","182.05785_3.518",-3.62810560184929,1.90022561488552,-4.35351994937953,0.00143615662288995,0.00492583861392228,-0.980875657632694,1399,"PutID_KEGG_C05582:Homovanillate; C03672:3-(4-Hydroxyphenyl)lactate; C03672; C05582; C05583; C10447:3-(4-Hydroxyphenyl)lactate; Homovanillate; 3-Methoxy-4-hydroxyphenylglycolaldehyde; 3,4-Dihydroxyphenylpropanoate; C04044; C12622:3-(2,3-Dihydroxyphenyl)propanoate; cis-3-(3-Carboxyethenyl)-3,5-cyclohexadiene-1,2-diol; C20953; C21085:3-[(4R)-4-Hydroxycyclohexa-1,5-dien-1-yl]-2-oxopropanoate; 3-[(1E,4R)-4-Hydroxycyclohex-2-en-1-ylidene]-2-oxopropanoate; C05582; C05583:Homovanillate; 3-Methoxy-4-hydroxyphenylglycolaldehyde"
"223","295.18883_9.777",-1.92277366526459,-1.80551490217333,-4.35112547725305,0.00144155119541295,0.00492583861392228,-0.984658417469831,4155,"S_Tentoxin"
"224","225.14708_3.694",2.19042768078698,1.50396490729817,4.34282144223564,0.00146042602000164,0.00496805637161273,-0.99778296153101,1470,NA
"225","112.02731_3.608",-2.675662284951,6.64529974785747,-4.33942346842233,0.00146822461212731,0.00497238735307115,-1.00315611336766,1433,"Uracil"
"226","244.11174_1.307",-2.13230988507205,4.02952391273958,-4.32585142258108,0.00149981479190404,0.00505689766119858,-1.02463262503701,28,NA
"227","152.05824_6.302",-1.95264438482782,-0.218843686547198,-4.32178215101594,0.00150942563917218,0.00506688254206696,-1.03107662737603,2778,"PutID_KEGG_C16398; C18320:2-Amino-4-nitrotoluene; 4-Amino-2-nitrotoluene; C05842; C05843:N1-Methyl-2-pyridone-5-carboxamide; N1-Methyl-4-pyridone-5-carboxamide"
"228","130.063_4.505",3.39705654166264,3.00593777218405,4.30174144415912,0.0015577157852397,0.00519439278295531,-1.06284448656457,1807,"PutID_KEGG_C03241; C06102:6-Hydroxyhexan-6-olide; Adipate semialdehyde; C00233; C00671:4-Methyl-2-oxopentanoate; (S)-3-Methyl-2-oxopentanoic acid; C06102:Adipate semialdehyde; C00671:(S)-3-Methyl-2-oxopentanoic acid; C06102; C12314:Adipate semialdehyde; 1-Oxa-2-oxo-3-hydroxycycloheptane; C00233; C00671; C06102:4-Methyl-2-oxopentanoate; (S)-3-Methyl-2-oxopentanoic acid; Adipate semialdehyde"
"229","299.19495_6.492",-2.63366901733081,2.7748965445945,-4.30038423049525,0.00156104455025822,0.00519439278295531,-1.06499780620953,2935,"S_PEG n6"
"230","69.0577_9.6",-1.67021176469875,3.90181750679808,-4.2753731604592,0.00162375048074814,0.00537955594056557,-1.10472284885655,4065,"PutID_ChemS_72096_:3,4-Dihydro-2H-pyrrole_ppm:0; 6311_:Isopropyl cyanide_ppm:0; 7717_:Butyronitrile_ppm:0"
"231","143.0581_4.035",2.13230988507205,4.04368999840296,4.27018711704164,0.00163708206325301,0.0054002447281333,-1.11297003695381,1581,"PutID_KEGG_C17357:2-Hydroxymethylclavam"
"232","154.0929_7.047",2.22820390922264,3.37530155706327,4.25806394953592,0.00166869910083469,0.00548081342601739,-1.13226269838447,3230,NA
"233","356.16948_3.263",-1.76610578884935,-0.762103132845726,-4.24920375700153,0.00169221330050067,0.0055341911372597,-1.14637471196255,1251,NA
"234","165.08989_6.359",2.83906439713875,0.776826012302774,4.23411827715931,0.00173305623931138,0.00564354211262935,-1.17042524014791,2827,NA
"235","160.08446_6.8",-1.86614065299946,3.19394744678109,-4.21147794193999,0.00179631463700663,0.00582464575914491,-1.20657493646528,3156,"S_Kanosamine"
"236","245.17339_6.486",-2.25385758960135,-0.461109931764242,-4.20429030334051,0.00181690252897983,0.00586643952153656,-1.21806501806377,2931,"PutID_ChemS_4419672_:Val-lys_ppm:0.001; 124103_:Lysylvaline_ppm:0.001"
"237","175.08435_4.076",1.70533193658469,3.69257045260162,4.20053287188325,0.00182776392584098,0.00587660806536214,-1.22407420790489,1587,"S_N-Acetyl-L-methionine"
"238","216.18325_10.704",3.16600748147599,0.302546016081304,4.19711481821715,0.00183770372140485,0.00588374048617857,-1.22954218489469,4276,NA
"239","252.09962_3.531",-2.99573227355399,-0.237139998110735,-4.17287508678685,0.00190984765776775,0.00608913772058171,-1.26836142660667,1404,"S_Diethylstilbestrol"
"240","257.17314_6.747",-2.31197538531628,-1.62102658719713,-4.16661311812072,0.00192896556813278,0.00611409370660528,-1.27840173173148,3117,NA
"241","167.10535_4.403",2.03227502092194,1.97017758837745,4.16506514465833,0.0019337225502518,0.00611409370660528,-1.28088447109362,1711,"PutID_ChemS_84165_:2-(Dimethylamino)-5,6-dimethyl-4(1H)-pyrimidinone_ppm:0.001"
"242","111.99201_6.581",-2.69178681304573,0.768201903366905,-4.14995453287202,0.00198081193038281,0.00623710202872604,-1.30513544945586,3027,"S_UDP-N-acetylglucosamine"
"243","249.18332_13.429",2.42147674097362,-0.281724366103077,4.14378189918274,0.00200039360014356,0.00627283919057362,-1.3150500092331,4681,NA
"244","181.04637_5.956",2.40535221287889,0.860944071458077,4.13928661094611,0.00201478229948214,0.00629206603362866,-1.32227334750012,2487,NA
"245","112.08163_9.601",1.6094379124341,0.886259604472011,4.11276667232713,0.00210191421286006,0.00653738216407905,-1.36493773167799,4069,NA
"246","386.28771_2.459",2.51737076512422,1.09864086336248,4.10394911100847,0.00213175522503595,0.00658001843564464,-1.3791420686806,689,NA
"247","85.08944_13.221",1.6094379124341,1.54048196014832,4.10361545571033,0.00213289311496618,0.00658001843564464,-1.37967974334687,4655,"PutID_KEGG_C01746:Piperidine"
"248","335.19438_6.994",1.6094379124341,0.583713588390707,4.09452453650309,0.00216414358076237,0.0066495056796005,-1.39433462605278,3210,NA
"249","106.06301_6.453",-1.6838190962055,3.94288051516959,-4.08550510094958,0.00219562433701302,0.00671913953736515,-1.40888408501783,2903,"PutID_ChemS_19304_:1,2,3-Butanetriol_ppm:0; 17287_:Q2YQ1Q_ppm:0; 13835180_:Diethylene glycol_ppm:0"
"250","199.12076_4.678",1.66607092469923,0.740865753246301,4.04893304957348,0.00232828939135776,0.00707014260730765,-1.46797849504435,1958,"PutID_KEGG_C21197:N-Hexanoyl-L-homoserine lactone; C12448:Ecgonine methyl ester"
"251","267.14706_2.895",1.93638099677134,0.575646273248511,4.04877544304619,0.0023288789953205,0.00707014260730765,-1.46823350280165,955,"PutID_ChemS_390995_:(2R,3R,4R,5R)-2-(3,4-Dimethoxyphenyl)-1,5-dimethyl-3,4-pyrrolidinediol_ppm:0; 82840_:diethofencarb_ppm:0"
"252","368.16115_5.172",1.81748934879176,-0.232594042589376,4.0329773929761,0.00238878226047894,0.00719843369209097,-1.49380951786902,2256,"PutID_ChemS_35015121_:1,3-Dimethoxy-2-(3-methyl-2-buten-1-yl)-6a,11a-dihydro-6H-[1]benzofuro[3,2-c]chromen-9-ol_ppm:0.001; 4944685_:4-{[(2E)-3,7-Dimethyl-2,6-octadien-1-yl]oxy}-9-methoxy-7H-furo[3,2-g]chromen-7-one_ppm:0.001; 9134771_:(2E)-1-[2-Hydroxy-4,6-dimethoxy-3-(3-methyl-2-buten-1-yl)phenyl]-3-(4-hydroxyphenyl)-2-propen-1-one_ppm:0.001; 209728_:4,4-Bis[4-(acetyloxy)phenyl]3-hexanone_ppm:0.001"
"253","268.13106_3.814",-2.61740562927433,-0.48290410515734,-4.03265247545395,0.00239003113398821,0.00719843369209097,-1.49433584339214,1507,"PutID_ChemS_35014695_:5,5'-Dihydroxy-4,4',8',8'-tetramethyl-4,5-dihydro-2'H,3H-spiro[furan-2,6'-[7]oxabicyclo[3.2.1]oct[3]en]-2'-one_ppm:0; 168762_:2-(2-Carboxyethyl)-4-methyl-5-pentyl-3-furoic acid_ppm:0; 133906_:Cyanotriphenylborate_ppm:-0.001"
"254","252.13936_1.63",3.58359513764111,1.00237733565048,3.98505383579394,0.00258059885554667,0.00774179656664,-1.57157091711485,142,NA
"255","237.10342_2.973",4.31334727353679,0.274653072167027,3.96724936422411,0.00265592094200912,0.00793651669729784,-1.60052714878694,1012,"PutID_BioCyc_N, N-dihydroxy-tetrahomomethionine_ID:CPD-14052_ppm:-0.257; sulfonopine_ID:CPD-15781_ppm:4250.315"
"256","298.18916_2.522",2.54724148468745,1.68432299637421,3.94062108054125,0.00277290236252548,0.00825371718845474,-1.64389985098024,804,NA
"257","201.18373_9.76",1.9756420086568,-0.762103132845726,3.93443405574007,0.00280084803072273,0.00829123996316755,-1.65398858815966,4151,NA
"258","409.31776_2.465",-2.03641586092146,1.08743934352627,-3.93302135550564,0.00280727022374964,0.00829123996316755,-1.65629276378229,706,"S_Docosahexaenoic acid ethyl ester"
"259","102.06807_2.404",-1.9756420086568,8.03115488156488,-3.92606495385552,0.00283912008499953,0.00832899654347204,-1.66764212911996,594,"PutID_KEGG_C08262:3-Methylbutanoic acid; C08262; C18319:3-Methylbutanoic acid; 2-Methylbutyrate"
"260","143.0943_9.55",-2.5336341531807,2.02438208651181,-3.92384854848492,0.00284934722186952,0.00832899654347204,-1.6712592979243,3996,"S_D-Glucosamine"
"261","362.24178_5.997",2.83906439713875,-0.0998134620272213,3.92309236957091,0.00285284527276405,0.00832899654347204,-1.6724935021433,2503,NA
"262","98.04821_6.285",-3.5106987373195,1.66818836608982,-3.90851132737366,0.00292118332487414,0.00849596066242022,-1.69630415454062,2760,"S_tert-Butyl N-{1-[(2,4-difluoroanilino)carbonyl]piperidin-4-yl}carbamate"
"263","336.20506_2.479",2.37696627676545,0.690182614732781,3.90397723646727,0.00294278127956222,0.00852623321302819,-1.7037129229148,745,"PutID_ChemS_1901_:acebutolol_ppm:0"
"264","178.11017_3.861",1.93638099677134,0.95011280744276,3.9014877117983,0.002954711064384,0.00852837057219927,-1.70778177589249,1529,"S_Silibinin"
"265","500.28624_6.549",1.91486815639215,0.547753329334235,3.89738640424511,0.00297447503529385,0.00855301878073174,-1.71448635080922,2987,NA
"266","265.16888_6.452",-3.93353584580734,1.4406684981211,-3.89201496247357,0.00300056923828441,0.00859073414163876,-1.72326997034571,2902,"PutID_ChemS_149778_:3-Allyl-4-[2-hydroxy-3-(isopropylamino)propoxy]phenol_ppm:-0.001; 4470_:Oxprenolol_ppm:-0.001"
"267","308.13973_6.449",-1.56071040904141,-0.756004362324547,-3.89005726283824,0.00301013912836949,0.00859073414163876,-1.72647204795188,2900,"PutID_ChemS_21437059_:PP-242_ppm:-0.001"
"268","315.18968_8.355",-2.93909926128886,1.24913746390323,-3.8874381687968,0.00302299211736017,0.0085952238560763,-1.7307565576182,3645,NA
"269","204.12915_12.53",2.16743005695799,-0.274653072167027,3.87831353207229,0.00306822093278101,0.00866117827923112,-1.74568896548954,4567,NA
"270","178.08503_7.921",2.17682034928022,0.0927421680911722,3.87817331878573,0.00306892143752284,0.00866117827923112,-1.74591849184316,3532,"PutID_ChemS_13838_:1,8-Octanedithiol_ppm:0; 11880_:5,6-Dithiadecane_ppm:0"
"271","233.17326_2.404",-2.09718971318611,2.1601558075955,-3.87580137554733,0.00308079704452844,0.00866261013996559,-1.74980162767315,596,"PutID_ChemS_58862_:Hypusine_ppm:0.001"
"272","256.18918_4.589",1.9012608248854,4.55603986247439,3.86682531905881,0.00312617446783956,0.00875788582534466,-1.76450175263344,1884,"S_Ethyl 3,5-dimethyl-4-{[(2-oxo-3-azepanyl)amino]sulfonyl}-1H-pyrrole-2-carboxylate"
"273","304.14179_5.149",2.4377401290301,3.42302012974963,3.85505395743771,0.00318674531630277,0.00889487154220774,-1.78379243581856,2247,NA
"274","108.06875_2.219",-3.57147258958415,2.40395137002109,-3.84784735848378,0.00322443224800778,0.00896721668971506,-1.79560951870219,446,"PutID_ChemS_24533_:Ethylpyrazine_ppm:0; 7650_:2,6-Dimethylpyrazine_ppm:0; 20843_:2,3-Dimethylpyrazine_ppm:0; 28992_:2,5-Dimethylpyrazine_ppm:0; 18383_:2-Picolylamine_ppm:0; 13836283_:m-Phenylenediamine_ppm:0; 13837582_:Phenylenediamine_ppm:0; 13835179_:p-Phenylenediamine_ppm:0; 7235_:Phenylhydrazine_ppm:0"
"275","538.26372_6.782",2.44986267708706,-1.44773979205715,3.84018860482798,0.00326499490346961,0.00902213392088956,-1.80817384933178,3146,NA
"276","277.17808_6.15",1.68233431275571,1.48627746201396,3.83851721090677,0.00327391771779452,0.00902213392088956,-1.81091659676898,2624,"PutID_ChemS_4189_:N-Acetylprocainamide_ppm:0.001"
"277","272.14323_1.273",-1.94052183677086,3.62716443463106,-3.83743670695562,0.00327969960116326,0.00902213392088956,-1.81268984825809,8,NA
"278","103.04569_7.505",1.89711998488588,0.402359478108525,3.82634701793181,0.00333966224723484,0.00915403824601779,-1.83089633677172,3397,"PutID_ChemS_29856_:UNII:938P672IFL_ppm:0"
"279","310.16307_3.55",2.39847911714464,0.438319737164998,3.8004858700468,0.00348398869861275,0.00951540999406064,-1.87340166495802,1413,NA
"280","153.03215_7.041",2.10665620469334,0.489002875678518,3.79171194466342,0.00353442219504087,0.0096186775450755,-1.88783747205306,3225,"S_N-Acetylhistamine"
"281","140.05832_7.543",-2.40261995714416,4.91578351721159,-3.77763307285061,0.00361694806586366,0.00979301352194696,-1.91101720030403,3418,"S_Hexamethylenetetramine"
"282","212.11539_3.896",-2.86471807751746,3.84306705314237,-3.77641429830365,0.0036241861065473,0.00979301352194696,-1.91302471468816,1541,"PutID_ChemS_231451_:Pro-Pro_ppm:0.001; 6229_:Butobarbital_ppm:0.001; 2385_:Butabarbital_ppm:0.001"
"283","330.24107_2.375",-1.63509159281281,2.09888001552509,-3.76271033756082,0.00370661939014876,0.00998036740386344,-1.93560708965513,558,"S_Hexanoic acid"
"284","380.19482_5.173",1.54717927671966,1.5546480458117,3.75688951974737,0.00374222306769919,0.010040753442207,-1.94520445490292,2257,"PutID_ChemS_59664365_:(2R)-2-Hydroxy-3-(phosphonooxy)propyl (9Z)-9-tetradecenoate_ppm:0.002"
"285","372.18194_4.517",1.6094379124341,1.82830509677258,3.74846482436691,0.00379438673473171,0.0101449919012827,-1.9591007463856,1819,"PutID_KEGG_C05552:Biocytin"
"286","291.18367_1.519",2.24181124072939,-0.206282488369295,3.73479537555968,0.00388064411557359,0.0103349877032949,-1.98166219993362,118,"PutID_ChemS_23186016_:N-(4-Hydroxy-3-methoxybenzyl)-7-methyl-6-octenamide_ppm:0; 390918_:Methyl 3-[(10R,10aS,10bS)-10-hydroxy-2,3,5,9,10,10a-hexahydro-1H,10bH-pyrido[3,2,1-ij]quinolin-10b-yl]-2-methylpropanoate_ppm:0; 389438_:5-{[1-(3-Hydroxypropoxy)-2-methyl-2-propanyl]amino}-3,4-dihydro-1(2H)-naphthalenone_ppm:0; 4946647_:(5E)-N-(4-Hydroxy-3-methoxybenzyl)-7-methyl-5-octenamide_ppm:0; 390639_:(3aS,6R,7aS)-3a-(3,4-Dimethoxyphenyl)-1-methyloctahydro-1H-indol-6-ol_ppm:0; 4445371_:Pecilocin_ppm:0; 36089_:LEVOBUNOLOL_ppm:0; 3777_:UNII:71QSY2UT3G_ppm:0; 2802_:Cyclopentolate_ppm:0"
"287","188.15198_12.984",2.03227502092194,2.17998143636758,3.73088659255845,0.00390568353385181,0.0103349877032949,-1.98811683240246,4621,"PutID_KEGG_C01037:7,8-Diaminononanoate; C03793:N6,N6,N6-Trimethyl-L-lysine"
"288","244.11711_5.851",3.20526849336145,1.25265882352406,3.73081603204262,0.00390613708470987,0.0103349877032949,-1.98823336295761,2454,"PutID_KEGG_C06657:Guanidinoproclavaminic acid"
"289","347.24065_2.963",2.10665620469334,-0.186456859597215,3.72856111854222,0.00392066023287405,0.0103375193683392,-1.9919575887823,1001,NA
"290","189.10005_3.27",3.13088730959005,2.29451777785185,3.70336507764677,0.0040868207434768,0.0107384738156183,-2.03360291133517,1255,"PutID_ChemS_35014168_:8-Methyl-8-azabicyclo[3.2.1]octane-1,2,3,4-tetrol_ppm:0; 59664336_:N-[(2S)-2-Hydroxypropanoyl]valine_ppm:0; 391654_:N-Butyrylhomoserine_ppm:0; 375_:N-(1-Carboxyethyl)norvaline_ppm:0; 389804_:N-[(1R)-1-Carboxyethyl]-L-norvaline_ppm:0; 164534_:(1R,2R,3R,7S,7aS)-3-(Hydroxymethyl)hexahydro-1H-pyrrolizine-1,2,7-triol_ppm:0; 390992_:(+)-Australine_ppm:0; 49177_:(+)-castanospermine_ppm:0"
"291","526.25423_6.527",1.67967825620598,-0.021237379599425,3.69726717511211,0.00412812673703112,0.0108097339299578,-2.04369040594656,2967,"PutID_ChemS_30777239_:(1S,4S,7S,8S,11S,13S,15R,17S,20S,21S,24S)-11,13,24-Trihydroxy-2,7,11,15,20,24-hexamethyl-5,18-dioxaheptacyclo[13.10.1.0~2,14~.0~3,12~.0~4,8~.0~16,25~.0~17,21~]hexacosa-3(12),16(25)-diene-6,19,26-trion
e_ppm:0.002"
"292","239.12622_4.6",-1.5350567286627,0.178389544455018,-3.68686406652148,0.00419960205211362,0.0109315623140054,-2.06090740252662,1895,"PutID_ChemS_3108_:Emorfazone_ppm:0.001"
"293","300.20485_2.878",2.55514699355988,0.807683522044214,3.68615970525655,0.00420448776410172,0.0109315623140054,-2.06207345393581,948,NA
"294","269.13669_6.518",-1.75398324079239,1.81968098783671,-3.68426071228483,0.00421768939674223,0.0109315623140054,-2.06521740248687,2956,NA
"295","99.06855_7.317",-2.0715360328074,1.53382639583347,-3.67594643537578,0.00427599966383529,0.0110244577259525,-2.07898610794261,3331,"PutID_KEGG_C18796:(2R)-2-Hydroxy-2-methylbutanenitrile"
"296","178.09497_2.227",-1.85675036067723,2.15663444797466,-3.67503162660415,0.00428246651821776,0.0110244577259525,-2.080501425946,454,"PutID_KEGG_C01854; C17574:Streptamine; 2-epi-Streptamine"
"297","246.15787_3.155",1.85260952067771,1.71024739566747,3.67205032050344,0.00430361234629202,0.0110415912723048,-2.08544025586491,1167,NA
"298","146.12996_13.781",1.51205910483371,0.796094847281181,3.65063993525732,0.00445870042965518,0.011401106467776,-2.12093097627979,4739,"S_L-Lysine"
"299","216.08935_5.115",1.61468736475681,-0.373470512988102,3.64376417870988,0.00450973016701807,0.0114930247065812,-2.13233670395235,2230,"PutID_ChemS_88749_:1,2,3,4-tetrahydro-beta-carboline-3-carboxylic acid_ppm:0.001"
"300","314.21938_2.938",2.70390936110269,-0.489002875678518,3.6410442861185,0.00453008370605198,0.0115019227103474,-2.13684963554714,981,NA
"301","272.20913_9.513",2.30258509299405,0.150496600540742,3.63927028215279,0.00454341041445483,0.0115019227103474,-2.13979344892137,3975,"PutID_ChemS_35032089_:N~6~-Octanoyllysine_ppm:0.001"
"302","167.10542_6.357",2.04853840897841,5.51735418975336,3.63099228132428,0.00460613770665614,0.011611399743469,-2.15353353492762,2825,"PutID_ChemS_84165_:2-(Dimethylamino)-5,6-dimethyl-4(1H)-pyrimidinone_ppm:0"
"303","253.14181_4.479",-2.7295630414814,2.91574444029885,-3.62955354412443,0.00461713139405657,0.011611399743469,-2.15592216887002,1778,NA
"304","116.09498_14.068",-1.68647515275523,2.84836987770726,-3.62025083195142,0.00468887689586437,0.0117530401139758,-2.17137086565328,4777,"PutID_KEGG_C00990:5-Aminopentanamide"
"305","183.03496_7.621",1.58644028860512,-0.482904105157339,3.61350970232583,0.00474159008288543,0.011846202108717,-2.18256998953482,3446,"PutID_KEGG_C17239:p-Hydroxyphenylacetothiohydroximate"
"306","511.23192_5.254",2.37696627676545,0.137326536083514,3.53600112010272,0.0053938486980613,0.0134317408755644,-2.31158791953023,2292,"PutID_ChemS_10405461_:Verruculogen_ppm:0"
"307","145.1212_15.987",2.83906439713875,1.46190587772052,3.52946009127935,0.00545299316928304,0.0135210592399438,-2.32249613780363,4898,"PutID_ChemS_388683_:L-Lysinamide_ppm:0"
"308","155.13059_12.383",1.87560714450669,4.96646665572511,3.52811869273337,0.00546520504711638,0.0135210592399438,-2.32473350787839,4539,"PutID_KEGG_C06184:N-Methylpelletierine"
"309","104.02229_7.929",-1.32966134885476,0.47583281122129,-3.51061103774133,0.00562721664489483,0.0138308022056611,-2.35394664313757,3536,"PutID_KEGG_C01010:Urea-1-carboxylate"
"310","310.16429_6.489",1.57431774054816,0.160116730682758,3.50892591219351,0.00564307074234716,0.0138308022056611,-2.35675953875202,2934,"PutID_ChemS_80576_:Sinapine_ppm:0.001"
"311","387.20207_7.038",2.0715360328074,-0.991175815814265,3.5087365746591,0.00564485496845224,0.0138308022056611,-2.35707560243158,3224,"S_Alfuzosin"
"312","172.08428_4.519",-2.30258509299405,2.53462234178975,-3.5041583046587,0.00568817677624605,0.0138922778958317,-2.36471890639033,1820,"PutID_ChemS_88677_:Prolylglycine_ppm:0.001; 71432_:Glycylproline_ppm:0.001; 2282246_:Gly-l-pro_ppm:0.001"
"313","174.13645_12.501",-1.86614065299946,0.374466534194249,-3.49419179057708,0.00578367976597228,0.0140803961075747,-2.38136259327287,4560,"PutID_ChemS_3676766_:N~6~,N~6~-Dimethyllysine_ppm:0"
"314","321.17903_7.383",1.33912784036199,0.0638532029707486,3.49038163424668,0.00582062755839087,0.0141252171958403,-2.38772714030102,3349,"PutID_ChemS_8443508_:Phenylalanylarginine_ppm:0.001; 3640706_:ARG-PHE_ppm:0.001"
"315","128.09458_12.816",1.39990169262664,5.84310613005511,3.48426533080491,0.00588045033339395,0.0141353411799564,-2.39794589543146,4598,"PutID_ChemS_5307892_:(2S)-2-Piperidinecarboxamide_ppm:0; 388871_:L-a-Amino-e-caprolactam_ppm:0; 389497_:(3S)-3-Amino-2-azepanone_ppm:0"
"316","160.12079_12.816",1.39990169262664,5.84310613005511,3.48426533080491,0.00588045033339395,0.0141353411799564,-2.39794589543146,4599,"PutID_ChemS_150153_:4-[(3-Aminopropyl)amino]butanoic acid_ppm:0; 144469_:N~6~-Methyl-L-lysine_ppm:0"
"317","143.0941_12.955",1.39990169262664,5.84310613005511,3.48426533080491,0.00588045033339395,0.0141353411799564,-2.39794589543146,4617,"S_Atazanavir"
"318","324.17868_9.061",1.9756420086568,0.547753329334235,3.47229562971388,0.00599937312469955,0.0143758563554121,-2.41795112825178,3862,"PutID_BioCyc_6'-dehydroparomamine_ID:CPD-14155_ppm:9331.507"
"319","290.09979_1.29",-2.49851398129475,0.497070190820715,-3.46932634629234,0.00602925740364762,0.0144021759924122,-2.42291516744697,19,"PutID_ChemS_9646639_:2,5-Dimethyl-4-oxo-4,5-dihydro-3-furanyl beta-D-glucopyranoside_ppm:0"
"320","137.05858_3.674",1.57017690054864,6.06707606370861,3.45271287645689,0.00619932853590836,0.0147621510761318,-2.45069962911271,1462,"S_2-({2-[(1,3-Dimethyl-1H-pyrazol-5-yl)amino]-2-oxoethyl}sulfanyl)acetic acid"
"321","233.10831_3.257",2.83906439713875,1.18880562055332,3.43969794440576,0.00633602335937909,0.0150406535820775,-2.47247759103457,1241,NA
"322","210.09747_2.412",-1.49993655677676,-0.560923393791463,-3.43162498031951,0.00642237546319502,0.0151859243081514,-2.48599116173496,608,NA
"323","223.05114_6.305",-1.9012608248854,1.43104836797908,-3.430261625966,0.00643707815161799,0.0151859243081514,-2.48827369443724,2780,"PutID_ChemS_35444_:(2Z)-1-(4-Chlorophenyl)-2-imino-3-methyl-4-imidazolidinone_ppm:0; 14679167_:CLAZOLIMINE_ppm:0"
"324","111.07968_16.161",2.16743005695799,6.30576887681917,3.42354346641109,0.0065100377941542,0.0153106444418071,-2.49952281987496,4901,"PutID_KEGG_C00388:Histamine"
"325","192.14684_8.943",-2.47700114091556,0.863469409872767,-3.42038507505827,0.0065446328828947,0.0153446469438947,-2.50481223059337,3823,NA
"326","143.13072_9.606",-1.47842371639757,-0.667392420133537,-3.40543476389272,0.00671098513483921,0.0156864131065874,-2.52985732131777,4084,"PutID_ChemS_9215979_:(1R)-1-[(2R)-2-Piperidinyl]-1-propanol_ppm:0; 391004_:(2R)-1-[(2R)-1-Methyl-2-pyrrolidinyl]-2-propanol_ppm:0; 107703_:pseudo-Conhydrine_ppm:0; 18974_:Valnoctamide_ppm:0; 64264_:Valpromide_ppm:0"
"327","156.08952_6.264",-2.22820390922264,3.07078699636095,-3.40097297645627,0.00676147294799842,0.0157560929246936,-2.53733417890028,2738,NA
"328","232.17796_3.104",-1.826879641114,2.57723816516107,-3.39753278558774,0.00680066843323545,0.0157991138601385,-2.543099822747,1122,NA
"329","120.04225_3.1",-2.9742194331748,2.11457541839701,-3.39539602804442,0.00682513139583235,0.015807751135636,-2.54668127387515,1116,"PutID_ChemS_388659_:erythrose_ppm:0; 389850_:D-threofuranose_ppm:0; 142596_:1,3,4-Trihydroxy-2-butanone_ppm:0; 167259_:3-Deoxytetronic acid_ppm:0; 487503_:2-methylglyceric acid_ppm:0; 133026_:(S)-3,4-Dihydroxybutyric acid_ppm:0; 4573719_:L-(+)-Erythrulose_ppm:0; 4573812_:D-()-Erythrulose_ppm:0; 388736_:D-()-Threose_ppm:0; 84990_:D-()-Erythrose_ppm:0"
"330","339.22576_4.483",1.84048697262075,-0.762103132845726,3.38963433186487,0.00689154867816179,0.015885236448823,-2.55633973953485,1782,NA
"331","183.06407_10.599",-1.97415722520701,-2.23263311950212,-3.38888116627078,0.00690027987475122,0.015885236448823,-2.55760241709024,4263,"PutID_KEGG_C16403:4-Amino-2-hydroxylamino-6-nitrotoluene"
"332","270.13191_8.308",-1.6094379124341,1.41632548852203,-3.36815814512822,0.00714504631564218,0.0163991725678293,-2.59235581122718,3636,"PutID_ChemS_4444301_:2-[3-carboxylato-3-(methylammonio)propyl]-L-histidine dizwitterion_ppm:0.001"
"333","477.24769_5.006",1.78496257267881,0.668388441339683,3.35254483526916,0.00733536363571956,0.0167854266979529,-2.61855400739901,2161,NA
"334","85.08946_13.797",1.3647815207407,2.07351241002551,3.34104023962728,0.00747893636218553,0.0170627230778005,-2.63786537611827,4743,"PutID_KEGG_C01746:Piperidine"
"335","204.14697_5.126",-1.84987726494298,3.28668961487226,-3.30429753797396,0.00795716277710967,0.018099576227336,-2.69957990027631,2237,NA
"336","269.17311_3.847",2.70390936110269,1.71221594028849,3.29196965391389,0.00812457881454307,0.0184253840972673,-2.72029871782748,1522,"PutID_BioCyc_norspermidine-2,3-dihydroxybenzoate_ID:CPD-11950_ppm:7485.225"
"337","347.18567_4.366",1.35539122841847,2.39532726108522,3.2849937586936,0.00822091441927473,0.0185445732415335,-2.7320253049928,1703,"S_N1-(5-Methylisoxazol-3-yl)-N2-(2-oxoazepan-3-yl)ethanediamide"
"338","243.21916_2.046",-2.00129568903551,-0.295890451766452,-3.28464164401058,0.00822580807826552,0.0185445732415335,-2.73261726318049,298,NA
"339","174.10002_4.303",2.09304887318659,1.71221594028849,3.27094265080168,0.00841853895749308,0.0189230875681703,-2.75565082441893,1677,"PutID_KEGG_C00437:N-Acetylornithine"
"340","256.15269_6.272",-2.34709555720222,1.23086465013097,-3.25970944725736,0.00858003916571763,0.0191806248594258,-2.77454326762093,2743,NA
"341","144.12588_9.6",1.34851813268422,1.00689471647746,3.25947417725592,0.00858345548171154,0.0191806248594258,-2.77493899914215,4066,"PutID_ChemS_14496796_:4-[(3-Aminopropyl)amino]butanal_ppm:0; 164295_:N-(5-Aminopentyl)acetamide_ppm:0"
"342","327.22609_6.792",-2.80394422525281,1.38843254460776,-3.25385671526081,0.00866544203882567,0.0193072129636993,-2.78438828224102,3149,NA
"343","384.16438_6.317",1.72684477696388,-0.11453634148427,3.25196130990401,0.00869328651961793,0.019312782297227,-2.78757682346967,2796,"S_Alfuzosin"
"344","221.10505_4.619",3.30530335751156,3.62871724963087,3.24729890558366,0.00876217134314401,0.0194092283821969,-2.79542062444608,1910,"PutID_ChemS_3520_:4-Methoxy-6-methyl-5,6,7,8-tetrahydro[1,3]dioxolo[4,5-g]isoquinoline_ppm:0; 14709_:Metaxalone_ppm:0; 2468_:Carbofuran_ppm:0"
"345","229.17831_12.222",1.93638099677134,2.73735489584383,3.237652043366,0.00890648440857383,0.0196717133893718,-2.81165215113054,4501,NA
"346","412.21958_4.282",1.93638099677134,0.0375130740562921,3.23218879834372,0.00898929225300255,0.019797227447364,-2.82084566921381,1673,"S_Ethyl 3,5-dimethyl-4-{[(2-oxo-3-azepanyl)amino]sulfonyl}-1H-pyrrole-2-carboxylate"
"347","328.23496_2.878",2.24181124072939,-0.351676339595005,3.21211553668931,0.00930039296268779,0.0204233413186401,-2.85463194635648,949,NA
"348","242.17342_3.787",1.76610578884934,1.26582888798129,3.18995336344014,0.0096567197623819,0.0211137275625215,-2.89194592255197,1501,NA
"349","196.07344_3.927",2.33770526487999,1.44421843243631,3.18913160099831,0.0096701980568504,0.0211137275625215,-2.89332972093807,1552,"PutID_KEGG_C06580:2,3-Dihydroxy-p-cumate; C12205:5-Hydroxyconiferyl alcohol"
"350","279.10311_4.511",1.33912784036199,-0.0227901945992444,3.18740527740758,0.00969857549821036,0.0211151843703894,-2.89623679266682,1811,NA
"351","228.15798_9.601",1.4391627045121,0.835576465958491,3.18536765274175,0.00973217994064968,0.0211279803839745,-2.89966816592074,4071,NA
"352","165.07893_3.153",1.76610578884934,0.366399219052053,3.16615620694976,0.0100549380125553,0.0217666555839976,-2.93202440248663,1164,"PutID_KEGG_C19565; C19578:4-Hydroxy-1-(3-pyridinyl)-1-butanone; 5-(3-Pyridyl)-2-hydroxytetrahydrofuran; C00079:L-Phenylalanine; C02265:D-Phenylalanine; C00079; C02265:L-Phenylalanine; D-Phenylalanine"
"353","266.15159_2.487",1.35539122841847,-0.176808154760824,3.16345233350799,0.0101012357643012,0.021804933859483,-2.9365788565044,755,"PutID_KEGG_C13454:Xanthoxic acid"
"354","100.05238_12.561",-2.57814461738887,5.373372089355,-3.15568602388846,0.0102354335068478,0.0220322043282995,-2.94966124989366,4571,"PutID_KEGG_C14527:Methyl methacrylate"
"355","635.24614_6.423",1.87974798450621,-1.04185895432779,3.13185950710228,0.0106586375098402,0.0228234707096367,-2.98980268903499,2882,NA
"356","618.42331_3.048",-1.43916270451211,2.85799000784928,-3.13162261509366,0.0106629338223499,0.0228234707096367,-2.99020182659426,1076,"S_Amobarbital"
"357","150.06372_2.226",-1.74984240079287,2.12677295943937,-3.12145705817638,0.010848975626777,0.0231566370521123,-3.00733026808001,453,NA
"358","490.26391_6.831",1.99715484903599,-0.748933068388498,3.10693469334203,0.0111205227140697,0.0236618638873068,-3.03180137606289,3160,NA
"359","158.14154_11.45",-2.14857327312853,-0.95873691637863,-3.10549696806851,0.0111477810177732,0.0236618638873068,-3.03422412326508,4388,"PutID_ChemS_12954_:Di-N-butylnitrosoamine_ppm:0"
"360","114.07927_3.982",-1.51205910483372,7.28832058369756,-3.09942705695132,0.0112636165842201,0.0238413217699326,-3.04445282958528,1566,"S_Acetylarginine"
"361","207.0894_5.157",1.21336309664817,6.10106777814407,3.07251961387242,0.0117920866658313,0.0248907757323088,-3.08979778465467,2249,"N-Acetyl-L-phenylalanine"
"362","425.3128_5.37",-1.5350567286627,3.51773084246182,-3.05777021343464,0.0120924316526297,0.0254542345837123,-3.11465416695179,2338,NA
"363","165.07898_4.452",-1.23376732470417,1.33930222109406,-3.02913062035588,0.0126980813861021,0.0264506890970592,-3.16291699900768,1755,"PutID_KEGG_C19565; C19578:4-Hydroxy-1-(3-pyridinyl)-1-butanone; 5-(3-Pyridyl)-2-hydroxytetrahydrofuran; C00079:L-Phenylalanine; C02265:D-Phenylalanine; C00079; C02265:L-Phenylalanine; D-Phenylalanine"
"364","498.31535_6.78",2.12291959274982,-0.857370639351589,3.02860341313724,0.01270951536288,0.0264506890970592,-3.16380539144872,3144,NA
"365","412.26686_4.485",2.09978310895909,-0.190535013011724,3.02778540255521,0.0127272769778111,0.0264506890970592,-3.16518380982674,1785,"S_Ethyl 3,5-dimethyl-4-{[(2-oxo-3-azepanyl)amino]sulfonyl}-1H-pyrrole-2-carboxylate"
"366","294.10552_12.616",1.25113932508383,-2.56761803501906,3.02667926824816,0.0127513348598254,0.0264506890970592,-3.16704773292631,4578,"PutID_ChemS_35014654_:N-(3-Carboxy-3-hydroxypropyl)-4-[(carboxymethyl)amino]homoserine_ppm:0.001; 35014653_:N-(3-Carboxy-3-hydroxypropyl)-4-[(carboxymethyl)amino]threonine_ppm:0.001; 389020_:N-L-beta-Aspartyl-beta-D-glucopyranosylamine_ppm:0.001"
"367","133.03725_2.225",-1.70947277658421,4.08982718139512,-3.02585653916112,0.0127692588249627,0.0264506890970592,-3.16843408943511,452,"PutID_KEGG_C00049:L-Aspartate; C00049; C00402:L-Aspartate; D-Aspartate"
"368","127.87005_5.086",-2.07567687280692,-0.611606532304984,-3.02563516420128,0.0127740860731205,0.0264506890970592,-3.16880712087651,2207,"S_25I-NBOH"
"369","148.06676_7.527",1.39990169262664,2.37450561110699,3.01946137160273,0.0129094609159431,0.0266585615662564,-3.17921019422014,3410,"S_Naptalam"
"370","118.07607_12.489",-2.49851398129475,-0.524963134734991,-3.01289796417244,0.0130549802322074,0.0268862025322757,-3.19026937634992,4556,NA
"371","191.11575_3.136",1.57017690054864,0.59036915270556,3.00518260669773,0.0132281748087507,0.027169458771612,-3.20326895550823,1151,NA
"372","242.19905_2.217",1.3647815207407,2.1601558075955,3.00340020904534,0.0132685172403279,0.0271790595084136,-3.20627200824314,444,NA
"373","173.11611_15.312",1.63095075281329,0.647566791361456,2.99943993517375,0.0133586015588712,0.0272902262409112,-3.21294428286052,4866,"PutID_ChemS_35031650_:(2S)-6-Amino-2-[(E)-(hydroxymethylene)amino]hexanimidic acid_ppm:0; 97122_:indospicine_ppm:0; 73239_:6-Carbamimidamidohexanoic acid_ppm:0"
"374","344.24104_3.15",2.22820390922264,2.2306645748811,2.99667405972664,0.0134218853913245,0.027296836016796,-3.21760410666639,1163,NA
"375","257.13658_8.287",-2.17157089695751,-0.374466534194249,-2.99616864424898,0.0134334822917303,0.027296836016796,-3.21845559649093,3631,NA
"376","95.04853_4.498",2.47286030091604,0.287823136624256,2.99005786064105,0.013574504405827,0.0275100328650006,-3.22875033340664,1801,NA
"377","100.06384_2.954",-1.79175946922806,3.50966352731962,-2.97572496275371,0.0139112032222668,0.0281176043908948,-3.25289436244808,990,"PutID_ChemS_19957776_:ACETALDEHYDE FORMYLMETHYLHYDRAZONE_ppm:0; 7827534_:Gyromitrin_ppm:0; 13002_:NPYR_ppm:0"
"378","101.01131_2.224",-1.73098561696341,3.96567070976883,-2.9737723156971,0.0139577253703467,0.028137001937048,-3.25618335081763,449,NA
"379","183.10037_7.257",1.39990169262664,0.453042616622046,2.96438771138418,0.0141835284228601,0.028516751077096,-3.27198950127492,3309,"PutID_ChemS_389250_:Na,Na-Dimethylhistidine_ppm:0"
"380","103.07136_2.417",-1.80536680073481,4.89299332261235,-2.96283711892578,0.0142211925722317,0.0285172335264225,-3.27460093569293,616,NA
"381","130.05546_2.152",1.32552050885524,1.1791854904113,2.95095800128792,0.014513125353465,0.0290262507069301,-3.29460543375904,404,"S_(-)-Erythromycin"
"382","220.14168_2.529",-2.13230988507205,0.682115299590584,-2.94253016068073,0.0147239211931375,0.0293707537936407,-3.3087959550366,812,"PutID_BioCyc_D-lysopine_ID:CPD-306_ppm:9153.315"
"383","378.18254_4.801",1.67021176469875,0.279755821482059,2.94016715553428,0.0147835796018549,0.0294127615055182,-3.31277438606016,2040,"PutID_ChemS_30776807_:2-[(2E)-3,7-Dimethyl-2,6-octadien-1-yl]-5-(6-hydroxy-1-benzofuran-2-yl)-1,3-benzenediol_ppm:0.001; 4444683_:1,3-Benzenediol, 4-((2E)-3,7-dimethyl-2,6-octadienyl)-5-(6-hydroxy-2-benzofuranyl)-_ppm:0.001; 59738_:estrofurate_ppm:0.001; 219695_:descinolone_ppm:0.002; 113134_:9-fluoroprednisolone_ppm:0.002; 5665_:fluprednisolone_ppm:0.002"
"384","400.30333_2.453",2.06739519280788,0.756584653909496,2.93576286716243,0.0148954286713715,0.0295581162697529,-3.32018919737491,681,NA
"385","346.19118_3.138",1.58644028860512,-0.355197699215841,2.90746332793076,0.0156348510253509,0.0309448220293959,-3.36781945315021,1154,NA
"386","256.07704_3.468",-2.06466293707315,0.249337539153093,-2.88845175264182,0.0161523543720111,0.0318862539675452,-3.39980280677604,1380,"PutID_ChemS_2298853_:benfuresate_ppm:0; 571406_:Dithizone_ppm:0.001"
"387","342.15306_6.283",-1.20811364432546,-0.516895819592795,-2.87561801215066,0.0165114545890849,0.0325109260901362,-3.4213856138331,2759,NA
"388","332.1731_4.516",1.93638099677134,0.886259604472011,2.87286163056046,0.0165896272767125,0.0325269251418151,-3.42602024083677,1818,"PutID_ChemS_66323_:Isoxaben_ppm:0.001"
"389","201.13611_6.769",-1.46067554489129,0.852876756315881,-2.87232279589074,0.0166049525986431,0.0325269251418151,-3.42692621062754,3137,"PutID_ChemS_21375526_:N-(5-Methyl-3-oxohexyl)alanine_ppm:0; 9883223_:(2S)-2-Amino-8-oxodecanoic acid_ppm:0; 86248_:2-Acetamidooctanoic acid_ppm:0; 158232_:N-(2-Propylpentanoyl)glycine_ppm:0; 76040_:Capryloylglycine_ppm:0"
"390","156.08944_2.395",-1.48632922527,4.11616731030957,-2.87010816034698,0.0166680907174212,0.0325668849401921,-3.43064966365284,581,NA
"391","144.07396_13.714",1.38363830457016,0.4165255637719,2.85013749773264,0.0172485083907855,0.0335908806718591,-3.46421675716756,4733,NA
"392","131.10565_16.695",-1.87826320105642,3.54661980758224,-2.8490616900096,0.0172803480621637,0.0335908806718591,-3.46602449319534,4910,"PutID_KEGG_C00436:N-Carbamoylputrescine"
"393","225.11075_8.715",1.32552050885524,-0.415529542565753,2.82568247279217,0.0179871152149359,0.0348757806457536,-3.50529613082776,3750,"PutID_KEGG_C19577; C19580; C19603:1-(Methylnitrosoamino)-4-(3-pyridinyl)-1,4-butanediol; alpha-[3-[(Hydroxymethyl)nitrosoamino]propyl]-3-pyridinemethanol; 4-(Methylnitrosamino)-1-(3-pyridyl-N-oxide)-1-butanol"
"394","129.05771_6.92",1.82422358456427,-0.460113910558095,2.82193233698194,0.0181031660096182,0.0350117068510891,-3.51159293881361,3193,"PutID_ChemS_148991_:3-Methylene-3H-indole_ppm:0; 8098_:Isoquinoline_ppm:0; 6780_:leucoline_ppm:0"
"395","133.07366_12.519",-1.9012608248854,-1.12850235189778,-2.81599144328094,0.0182885576704144,0.0352807112527994,-3.52156670670713,4563,"PutID_KEGG_C20313:N-Hydroxy-L-valine"
"396","251.11906_2.819",2.48225059323827,0.0699519734919276,2.79137282493698,0.0190774061888129,0.0367095543330189,-3.56287643152291,926,"PutID_BioCyc_N,N-dihydroxypentahomomethionine_ID:CPD-14040_ppm:-0.277"
"397","210.08915_4.615",2.65939889689452,0.429695628229129,2.77107746169436,0.0197534082336355,0.0379146022015875,-3.59690470773847,1909,"PutID_KEGG_C02325:Sinapyl alcohol"
"398","94.05334_16.652",1.87560714450669,3.91654038625513,2.76791251636663,0.0198609757839957,0.0380252852949867,-3.60220887159329,4908,"S_3,5-Di(acetyloxy)-2-[(acetyloxy)methyl]-6-(2H-1,2,3,4-tetraazol-5-yl)tetrahydro-2H-pyran-4-yl acetate"
"399","114.0792_2.893",-1.28101004464707,6.7765275134198,-2.76640211023459,0.0199125174620437,0.0380284168072113,-3.60473994575161,954,"S_Acetylarginine"
"400","373.25764_3.197",2.20255022884393,0.078576082427797,2.75309811488107,0.0203723506153234,0.038809327922191,-3.6270276276968,1191,NA
"401","188.1156_2.562",-1.30666372502577,3.92618909109152,-2.74460888527057,0.0206713245955392,0.039267581576974,-3.64124295340114,845,"S_N-Acetylornithine"
"402","210.14754_9.605",1.10134454440284,0.0446364404779935,2.74335183195868,0.0207159682335217,0.039267581576974,-3.64334747259506,4081,NA
"403","227.12651_6.31",-1.16885263243999,3.13164705881016,-2.73567401564152,0.0209907493027556,0.039604075280938,-3.65619895724831,2789,NA
"404","408.22627_4.638",1.34851813268422,-0.304514560702321,2.73548843098111,0.0209974362381876,0.039604075280938,-3.65650954425345,1927,"PutID_ChemS_29368482_:(2R)-2-Hydroxy-3-(phosphonooxy)propyl (9Z)-9-hexadecenoate_ppm:0.001; 146664_:2-Oxo-3-(phosphonooxy)propyl palmitate_ppm:0.001"
"405","247.18886_2.304",-1.4391627045121,1.46700862703555,-2.73372659641428,0.0210610246697678,0.0396259278971928,-3.65945795308571,499,NA
"406","232.1781_4.953",-2.10665620469334,2.2387318900233,-2.72763041215869,0.0212825427072224,0.0399440826179889,-3.66965806171135,2136,NA
"407","383.24048_3.095",1.70533193658469,0.124156471626285,2.71987735299668,0.0215676437142835,0.0403797162414841,-3.68262638085397,1108,NA
"408","274.18934_2.471",1.25535636426836,2.12222700391801,2.71579850021405,0.0217191671328011,0.0405637386156726,-3.68944709660014,724,"S_4-Toluic acid"
"409","253.17809_3.047",1.84048697262075,0.259930192709979,2.65300523052672,0.0241908943308584,0.0450695879709392,-3.79427514715471,1075,NA
"410","159.13677_3.881",-2.16743005695799,1.21669856446759,-2.64632751496107,0.0244697469933218,0.0454779200217347,-3.8054021108087,1537,NA
"411","142.11034_4.305",-1.79175946922806,2.43991162907756,-2.63191452860338,0.0250825888889208,0.0462257946451427,-3.82940337636469,1678,NA
"412","429.3201_2.446",1.86199981299994,-0.118057701105106,2.63038007579413,0.0251487284673124,0.0462257946451427,-3.83195740768339,669,NA
"413","159.10042_6.623",-1.32552050885524,0.444418507686177,-2.63023635226576,0.0251549322821514,0.0462257946451427,-3.83219661716523,3055,"S_Viloxazine"
"414","154.02653_2.835",1.80536680073481,-0.915125071801158,2.62899184688475,0.0252087150691906,0.0462257946451427,-3.83426784997122,929,"PutID_KEGG_C00196:2,3-Dihydroxybenzoate; C00230:3,4-Dihydroxybenzoate; C00628:2,5-Dihydroxybenzoate; C00196; C00230; C00628; C21298:2,3-Dihydroxybenzoate; 3,4-Dihydroxybenzoate; 2,5-Dihydroxybenzoate; 2,6-Dihydroxybenzoate; C00196; C00230:2,3-Dihydroxybenzoate; 3,4-Dihydroxybenzoate; C00230; C00628:3,4-Dihydroxybenzoate; 2,5-Dihydroxybenzoate"
"415","323.20951_2.36",1.16885263243999,0.439872552164817,2.62842056161767,0.0252334421988772,0.0462257946451427,-3.83521858845554,539,"PutID_KEGG_C18699:(-)-Jasmonoyl-L-isoleucine"
"416","102.03762_2.405",-2.99573227355399,1.72693881974553,-2.62835851217268,0.0252361293600779,0.0462257946451427,-3.83532184974278,597,"S_1,1-Dimethyl-2-oxopropyl N-(3,4-dimethoxyphenethyl)carbamate"
"417","177.08194_3.144",-1.5350567286627,1.27389620312349,-2.62203084451044,0.0255116623972312,0.0465909472553721,-3.84585013976742,1160,"PutID_KEGG_C17217:Dihomomethionine"
"418","233.07206_4.407",1.16885263243999,-0.0131700644572283,2.62097877056027,0.0255577637175138,0.0465909472553721,-3.84760023253179,1718,NA
"419","261.15021_6.637",1.74984240079287,0.645598246740439,2.61389199106579,0.0258704713459805,0.046996897078713,-3.85938585907113,3064,NA
"420","189.11081_4.448",-1.30400766847605,1.91494849434257,-2.61314167608767,0.0259038015394481,0.046996897078713,-3.86063335624848,1751,"PutID_ChemS_58582_:Homocitrulline_ppm:0.001"
"421","220.15698_12.25",1.04996098446042,3.30792699447169,2.60666581721116,0.0261932515117086,0.0474091630686983,-3.87139782632689,4505,"S_Methyl 3-{[(isopropylamino)carbothioyl]amino}benzoate"
"422","358.10473_2.411",-1.15673008438304,-0.432220966643819,-2.59752547912493,0.0266072791654249,0.048044423516715,-3.88658359467646,606,"PutID_ChemS_24842959_:12a-Hydroxy-2,3,9-trimethoxy-6a,12a-dihydrochromeno[3,4-b]chromen-12(6H)-one_ppm:0.001; 10254761_:5-Hydroxy-3-(4-hydroxybenzyl)-7-methoxy-4-oxo-3,4-dihydro-2H-chromen-8-yl acetate_ppm:0.001; 23339931_:2-(3-Hydroxy-4,5-dimethoxyphenyl)-7,8-dimethoxy-4H-chromen-4-one_ppm:0.001; 24842734_:dalnigrein_ppm:0.001; 8126272_:2-(3,4-Dimethoxyphenyl)-5-hydroxy-7,8-dimethoxy-4H-chromen-4-one_ppm:0.001; 4590620_:2-(3,4-Dimethoxyphenyl)-7-hydroxy-5,6-dimethoxy-4H-chromen-4-one_ppm:0.001; 2279344_:4'-Hydroxy-5,6,7,8-tetramethoxyflavone_ppm:0.001; 136879_:2-Hydroxy-1,6,7,8-tetramethoxy-3-methyl-9,10-anthraquinone_ppm:0.001; 87155_:Gardenin B_ppm:0.001; 4508983_:Retusin (flavonol)_ppm:0.001"
"423","344.2674_2.33",1.74045210847064,0.654222355676308,2.57711937580644,0.0275552335174394,0.049545923327707,-3.92045268117867,519,"S_3-[(Hexanoyloxy)ethanimidoyl]-1H-pyrrole"
"424","111.07962_7.044",2.03641586092145,1.95246156839886,2.57578280825387,0.0276184809225613,0.049545923327707,-3.9226693890682,3228,"PutID_KEGG_C00388:Histamine"
"425","218.16243_3.653",-1.59583058092735,1.67625568123201,-2.57545782567997,0.0276338811210964,0.049545923327707,-3.92320834376206,1459,NA
"426","187.13361_2.921",1.01743420834746,0.970934457420987,2.57051798283288,0.0278690216803468,0.0498502218789302,-3.93139910917411,970,NA
