group,medium,pathogen,dose,c_num,c_name,auc_luc_div_od,exp_n,DMSO_mean,auc_norm
LB_EHEC-FliC_10uM_C-30,LB,EHEC-FliC,10,30,DMSO,204953.7085029142,70,210645.63318267275,0.9729786723144529
LB_EHEC-FliC_10uM_C-30,LB,EHEC-FliC,10,30,DMSO,175900.1943238898,68,177110.22981399036,0.9931678961098328
LB_EHEC-FliC_10uM_C-30,LB,EHEC-FliC,10,30,DMSO,178052.65780566237,68,177110.22981399036,1.0053211380994864
LB_EHEC-FliC_10uM_C-30,LB,EHEC-FliC,10,30,DMSO,178840.41383422905,68,177110.22981399036,1.009768967168389
LB_EHEC-FliC_10uM_C-30,LB,EHEC-FliC,10,30,DMSO,201662.90671133695,67,197589.58204519405,1.020615078102707
LB_EHEC-FliC_10uM_C-30,LB,EHEC-FliC,10,30,DMSO,199607.9529373706,67,197589.58204519405,1.0102149661499606
LB_EHEC-FliC_10uM_C-30,LB,EHEC-FliC,10,30,DMSO,203275.00029900024,67,197589.58204519405,1.0287738766131191
LB_EHEC-FliC_10uM_C-30,LB,EHEC-FliC,10,30,DMSO,192231.0080219047,67,197589.58204519405,0.9728802805905845
LB_EHEC-FliC_10uM_C-30,LB,EHEC-FliC,10,30,DMSO,206562.93224277924,66,198887.6915708579,1.038590827875273
LB_EHEC-FliC_10uM_C-30,LB,EHEC-FliC,10,30,DMSO,190716.55785315158,63,190057.89500505888,1.003465590566891
LB_EHEC-FliC_10uM_C-30,LB,EHEC-FliC,10,30,DMSO,188346.4336231076,63,190057.89500505888,0.9909950524186026
LB_EHEC-FliC_10uM_C-30,LB,EHEC-FliC,10,30,DMSO,191167.80850759882,63,190057.89500505888,1.005839870543186
LB_EHEC-FliC_10uM_C-30,LB,EHEC-FliC,10,30,DMSO,191121.827793616,63,190057.89500505888,1.0055979405040174
LB_EHEC-FliC_10uM_C-30,LB,EHEC-FliC,10,30,DMSO,191262.13899007783,63,190057.89500505888,1.006336195531298
LB_EHEC-FliC_10uM_C-30,LB,EHEC-FliC,10,30,DMSO,188150.8307526144,63,190057.89500505888,0.9899658772270749
LB_EHEC-FliC_10uM_C-30,LB,EHEC-FliC,10,30,DMSO,188750.88418490023,63,190057.89500505888,0.9931230911500738
LB_EHEC-FliC_10uM_C-30,LB,EHEC-FliC,10,30,DMSO,201041.82339297843,61,206463.06473617366,0.9737423187526413
LB_EHEC-FliC_10uM_C-30,LB,EHEC-FliC,10,30,DMSO,207323.6717971323,61,206463.06473617366,1.004168334234786
LB_EHEC-FliC_10uM_C-30,LB,EHEC-FliC,10,30,DMSO,208346.98500923987,61,206463.06473617366,1.0091247326754234
LB_EHEC-FliC_10uM_C-30,LB,EHEC-FliC,10,30,DMSO,205816.59175415392,61,206463.06473617366,0.9968688201793099
LB_EHEC-FliC_10uM_C-30,LB,EHEC-FliC,10,30,DMSO,204599.07967503974,61,206463.06473617366,0.9909718231514397
LB_EHEC-FliC_10uM_C-30,LB,EHEC-FliC,10,30,DMSO,210990.10061680304,60,203403.24369696341,1.03729958668281
LB_EHEC-FliC_10uM_C-30,LB,EHEC-FliC,10,30,DMSO,212689.0053250495,60,203403.24369696341,1.0456519840063137
LB_EHEC-FliC_10uM_C-30,LB,EHEC-FliC,10,30,DMSO,208357.01029986455,60,203403.24369696341,1.0243544130017976
LB_EHEC-FliC_10uM_C-30,LB,EHEC-FliC,10,30,DMSO,197377.61821495797,60,203403.24369696341,0.9703759616981201
LB_EHEC-FliC_10uM_C-46,LB,EHEC-FliC,10,46,Prolylleucine,212099.85414566673,70,210645.63318267275,1.0069036368854267
LB_EHEC-FliC_10uM_C-46,LB,EHEC-FliC,10,46,Prolylleucine,210327.813249783,70,210645.63318267275,0.9984912104367522
LB_EHEC-FliC_10uM_C-46,LB,EHEC-FliC,10,46,Prolylleucine,202781.2188499645,70,210645.63318267275,0.9626651917066412
LB_EHEC-FliC_10uM_C-46,LB,EHEC-FliC,10,46,Prolylleucine,200526.5798059486,70,210645.63318267275,0.9519617225202629
LB_EHEC-FliC_10uM_C-45,LB,EHEC-FliC,10,45,Kanosamine,212024.94809248135,70,210645.63318267275,1.0065480346730589
LB_EHEC-FliC_10uM_C-45,LB,EHEC-FliC,10,45,Kanosamine,211663.96960760688,70,210645.63318267275,1.0048343581091521
LB_EHEC-FliC_10uM_C-45,LB,EHEC-FliC,10,45,Kanosamine,208138.24921369387,70,210645.63318267275,0.9880966724489157
LB_EHEC-FliC_10uM_C-45,LB,EHEC-FliC,10,45,Kanosamine,202445.05845060988,70,210645.63318267275,0.9610693342740635
LB_EHEC-FliC_10uM_C-44,LB,EHEC-FliC,10,44,4-Dodecylbenzenesulfonic acid,187950.37700336127,70,210645.63318267275,0.8922585964094966
LB_EHEC-FliC_10uM_C-44,LB,EHEC-FliC,10,44,4-Dodecylbenzenesulfonic acid,192105.92861511555,70,210645.63318267275,0.9119862857471178
LB_EHEC-FliC_10uM_C-44,LB,EHEC-FliC,10,44,4-Dodecylbenzenesulfonic acid,194804.214208364,70,210645.63318267275,0.9247958823785773
LB_EHEC-FliC_10uM_C-44,LB,EHEC-FliC,10,44,4-Dodecylbenzenesulfonic acid,191446.80219272934,70,210645.63318267275,0.9088572086690536
LB_EHEC-FliC_10uM_C-44,LB,EHEC-FliC,10,44,4-Dodecylbenzenesulfonic acid,197812.42065477613,70,210645.63318267275,0.9390767691976429
LB_EHEC-FliC_10uM_C-43,LB,EHEC-FliC,10,43,Docosahexaenoic acid ethyl ester,216716.6879939591,70,210645.63318267275,1.0288211757327126
LB_EHEC-FliC_10uM_C-43,LB,EHEC-FliC,10,43,Docosahexaenoic acid ethyl ester,211535.99045202578,70,210645.63318267275,1.0042268014575024
LB_EHEC-FliC_10uM_C-46,LB,EHEC-FliC,10,46,Prolylleucine,213372.3404518272,70,210645.63318267275,1.0129445231213972
LB_EHEC-FliC_10uM_C-43,LB,EHEC-FliC,10,43,Docosahexaenoic acid ethyl ester,212309.9563746257,70,210645.63318267275,1.0079010571774334
LB_EHEC-FliC_10uM_C-43,LB,EHEC-FliC,10,43,Docosahexaenoic acid ethyl ester,212727.71892508777,70,210645.63318267275,1.0098843052711632
LB_EHEC-FliC_10uM_C-43,LB,EHEC-FliC,10,43,Docosahexaenoic acid ethyl ester,210735.60753305093,70,210645.63318267275,1.0004271360816683
LB_EHEC-FliC_10uM_C-43,LB,EHEC-FliC,10,43,Docosahexaenoic acid ethyl ester,213627.93618178667,70,210645.63318267275,1.014157915139535
LB_EHEC-FliC_10uM_C-43,LB,EHEC-FliC,10,43,Docosahexaenoic acid ethyl ester,216595.03074906877,70,210645.63318267275,1.028243631147277
LB_EHEC-FliC_10uM_C-46,LB,EHEC-FliC,10,46,Prolylleucine,205144.4575293497,70,210645.63318267275,0.9738842169656923
LB_EHEC-FliC_10uM_C-42,LB,EHEC-FliC,10,42,Methyl-L-histidinate,223180.9017793052,70,210645.63318267275,1.0595087987689817
LB_EHEC-FliC_10uM_C-42,LB,EHEC-FliC,10,42,Methyl-L-histidinate,216277.50673857855,70,210645.63318267275,1.0267362464192258
LB_EHEC-FliC_10uM_C-42,LB,EHEC-FliC,10,42,Methyl-L-histidinate,239785.13215498187,70,210645.63318267275,1.1383342181465457
LB_EHEC-FliC_10uM_C-42,LB,EHEC-FliC,10,42,Methyl-L-histidinate,237107.07947941648,70,210645.63318267275,1.1256206734359229
LB_EHEC-FliC_10uM_C-42,LB,EHEC-FliC,10,42,Methyl-L-histidinate,233737.6950675293,70,210645.63318267275,1.109625163056815
LB_EHEC-FliC_10uM_C-42,LB,EHEC-FliC,10,42,Methyl-L-histidinate,234174.89948661425,70,210645.63318267275,1.1117007077167216
LB_EHEC-FliC_10uM_C-42,LB,EHEC-FliC,10,42,Methyl-L-histidinate,238179.05660631967,70,210645.63318267275,1.1307096805551617
LB_EHEC-FliC_10uM_C-41,LB,EHEC-FliC,10,41,"3,4-Dimethylbenzoic acid",253564.25390034597,70,210645.63318267275,1.2037479726933338
LB_EHEC-FliC_10uM_C-41,LB,EHEC-FliC,10,41,"3,4-Dimethylbenzoic acid",296998.25561896665,70,210645.63318267275,1.4099426184705597
LB_EHEC-FliC_10uM_C-41,LB,EHEC-FliC,10,41,"3,4-Dimethylbenzoic acid",302985.68676170387,70,210645.63318267275,1.4383668067733142
LB_EHEC-FliC_10uM_C-31,LB,EHEC-FliC,10,31,DMSO,2330.8046981168704,70,210645.63318267275,0.011065051114046058
LB_EHEC-FliC_10uM_C-31,LB,EHEC-FliC,10,31,DMSO,2050.8337653934086,70,210645.63318267275,0.009735942466060606
LB_EHEC-FliC_10uM_C-31,LB,EHEC-FliC,10,31,DMSO,2303.1708279996387,70,210645.63318267275,0.010933864581955608
LB_EHEC-FliC_10uM_C-31,LB,EHEC-FliC,10,31,DMSO,2147.219929017459,70,210645.63318267275,0.010193517409190158
LB_EHEC-FliC_10uM_C-30,LB,EHEC-FliC,10,30,DMSO,203843.42609688154,70,210645.63318267275,0.9677078181825288
LB_EHEC-FliC_10uM_C-30,LB,EHEC-FliC,10,30,DMSO,203950.51417238705,70,210645.63318267275,0.9682161984128117
LB_EHEC-FliC_10uM_C-30,LB,EHEC-FliC,10,30,DMSO,203052.40916566196,70,210645.63318267275,0.9639526160486511
LB_EHEC-FliC_10uM_C-30,LB,EHEC-FliC,10,30,DMSO,204355.15829014496,70,210645.63318267275,0.970137169247308
LB_EHEC-FliC_10uM_C-30,LB,EHEC-FliC,10,30,DMSO,202909.25477046036,70,210645.63318267275,0.963273017838906
LB_EHEC-FliC_10uM_C-30,LB,EHEC-FliC,10,30,DMSO,202248.24881738084,70,210645.63318267275,0.9601350180470645
LB_EHEC-FliC_10uM_C-25,LB,EHEC-FliC,10,25,N-Acetyl-L-methionine,204083.22790118653,70,210645.63318267275,0.9688462315485302
LB_EHEC-FliC_10uM_C-25,LB,EHEC-FliC,10,25,N-Acetyl-L-methionine,199707.6794404629,70,210645.63318267275,0.9480741490960584
LB_EHEC-FliC_10uM_C-30,LB,EHEC-FliC,10,30,DMSO,198146.4661179978,67,197589.58204519405,1.0028183878271293
LB_EHEC-FliC_10uM_C-25,LB,EHEC-FliC,10,25,N-Acetyl-L-methionine,218343.74576132448,70,210645.63318267275,1.0365453224087293
LB_EHEC-FliC_10uM_C-25,LB,EHEC-FliC,10,25,N-Acetyl-L-methionine,202966.99990399112,70,210645.63318267275,0.9635471518556348
LB_EHEC-FliC_10uM_C-25,LB,EHEC-FliC,10,25,N-Acetyl-L-methionine,215632.2254136934,70,210645.63318267275,1.0236728963030355
LB_EHEC-FliC_10uM_C-21,LB,EHEC-FliC,10,21,Heptanoic acid,283029.14796225703,70,210645.63318267275,1.3436269420159923
LB_EHEC-FliC_10uM_C-21,LB,EHEC-FliC,10,21,Heptanoic acid,298040.2225655012,70,210645.63318267275,1.414889157977652
LB_EHEC-FliC_10uM_C-21,LB,EHEC-FliC,10,21,Heptanoic acid,288630.9994358649,70,210645.63318267275,1.3702206643209305
LB_EHEC-FliC_10uM_C-21,LB,EHEC-FliC,10,21,Heptanoic acid,268762.4603365696,70,210645.63318267275,1.2758985613696425
LB_EHEC-FliC_10uM_C-21,LB,EHEC-FliC,10,21,Heptanoic acid,295202.0837509727,70,210645.63318267275,1.4014156348305224
LB_EHEC-FliC_10uM_C-21,LB,EHEC-FliC,10,21,Heptanoic acid,293809.3462069328,70,210645.63318267275,1.3948038787594526
LB_EHEC-FliC_10uM_C-21,LB,EHEC-FliC,10,21,Heptanoic acid,281207.27722378605,70,210645.63318267275,1.3349779578858962
LB_EHEC-FliC_10uM_C-17,LB,EHEC-FliC,10,17,L-Lysine,215026.80408618797,70,210645.63318267275,1.0207987739281348
LB_EHEC-FliC_10uM_C-17,LB,EHEC-FliC,10,17,L-Lysine,212786.72721278243,70,210645.63318267275,1.0101644358715611
LB_EHEC-FliC_10uM_C-17,LB,EHEC-FliC,10,17,L-Lysine,216826.9957879652,70,210645.63318267275,1.0293448409629833
LB_EHEC-FliC_10uM_C-10,LB,EHEC-FliC,10,10,Hexanoic acid,324443.7885178122,70,210645.63318267275,1.5402350555088566
LB_EHEC-FliC_10uM_C-30,LB,EHEC-FliC,10,30,DMSO,207956.93000011786,61,206463.06473617366,1.0072355085199045
LB_EHEC-FliC_10uM_C-25,LB,EHEC-FliC,10,25,N-Acetyl-L-methionine,200097.72093265742,70,210645.63318267275,0.9499257967485699
LB_EHEC-FliC_10uM_C-10,LB,EHEC-FliC,10,10,Hexanoic acid,327773.2070373986,70,210645.63318267275,1.5560408354307176
LB_EHEC-FliC_10uM_C-10,LB,EHEC-FliC,10,10,Hexanoic acid,327034.3569003877,70,210645.63318267275,1.5525332852107223
LB_EHEC-FliC_10uM_C-10,LB,EHEC-FliC,10,10,Hexanoic acid,319584.7601593986,70,210645.63318267275,1.5171677443806937
LB_EHEC-FliC_10uM_C-10,LB,EHEC-FliC,10,10,Hexanoic acid,329941.12544792093,70,210645.63318267275,1.5663326149362642
LB_EHEC-FliC_10uM_C-10,LB,EHEC-FliC,10,10,Hexanoic acid,332048.9691665268,70,210645.63318267275,1.5763392012905988
LB_EHEC-FliC_10uM_C-6,LB,EHEC-FliC,10,6,4-Methylbenzoic acid,236471.66771548952,68,177110.22981399036,1.3351666245582956
LB_EHEC-FliC_10uM_C-6,LB,EHEC-FliC,10,6,4-Methylbenzoic acid,238964.45757216227,68,177110.22981399036,1.349241417749467
LB_EHEC-FliC_10uM_C-6,LB,EHEC-FliC,10,6,4-Methylbenzoic acid,226617.16599809547,68,177110.22981399036,1.27952612469703
LB_EHEC-FliC_10uM_C-29,LB,EHEC-FliC,10,29,PAC,131422.20908197065,68,177110.22981399036,0.7420362404814027
LB_EHEC-FliC_10uM_C-29,LB,EHEC-FliC,10,29,PAC,133245.68275410577,68,177110.22981399036,0.7523319397984338
LB_EHEC-FliC_10uM_C-29,LB,EHEC-FliC,10,29,PAC,131854.8372472544,68,177110.22981399036,0.7444789461666594
LB_EHEC-FliC_10uM_C-17,LB,EHEC-FliC,10,17,L-Lysine,216546.71262674153,70,210645.63318267275,1.0280142500696956
LB_EHEC-FliC_10uM_C-1,LB,EHEC-FliC,10,1,L-Tyrosine methyl ester,172168.64894306616,68,177110.22981399036,0.9720988399364956
LB_EHEC-FliC_10uM_C-1,LB,EHEC-FliC,10,1,L-Tyrosine methyl ester,168568.29678360705,68,177110.22981399036,0.9517705270929044
LB_EHEC-FliC_10uM_C-1,LB,EHEC-FliC,10,1,L-Tyrosine methyl ester,174751.4586791848,68,177110.22981399036,0.9866819034830295
LB_EHEC-FliC_10uM_C-1,LB,EHEC-FliC,10,1,L-Tyrosine methyl ester,168212.96249828135,68,177110.22981399036,0.9497642382088638
LB_EHEC-FliC_10uM_C-6,LB,EHEC-FliC,10,6,4-Methylbenzoic acid,252390.5669381061,67,197589.58204519405,1.2773475419386109
LB_EHEC-FliC_10uM_C-6,LB,EHEC-FliC,10,6,4-Methylbenzoic acid,245850.3446495847,67,197589.58204519405,1.2442475058900226
LB_EHEC-FliC_10uM_C-6,LB,EHEC-FliC,10,6,4-Methylbenzoic acid,251755.04196887635,67,197589.58204519405,1.2741311528828134
LB_EHEC-FliC_10uM_C-6,LB,EHEC-FliC,10,6,4-Methylbenzoic acid,250200.51264546975,67,197589.58204519405,1.266263686858967
LB_EHEC-FliC_10uM_C-41,LB,EHEC-FliC,10,41,"3,4-Dimethylbenzoic acid",226841.2737632125,67,197589.58204519405,1.1480426822874081
LB_EHEC-FliC_10uM_C-41,LB,EHEC-FliC,10,41,"3,4-Dimethylbenzoic acid",238729.6034421725,67,197589.58204519405,1.2082094661628902
LB_EHEC-FliC_10uM_C-41,LB,EHEC-FliC,10,41,"3,4-Dimethylbenzoic acid",240715.91709232636,67,197589.58204519405,1.2182621907528919
LB_EHEC-FliC_10uM_C-41,LB,EHEC-FliC,10,41,"3,4-Dimethylbenzoic acid",235339.86580433225,67,197589.58204519405,1.1910540189841774
LB_EHEC-FliC_10uM_C-29,LB,EHEC-FliC,10,29,PAC,153400.6535759025,67,197589.58204519405,0.7763600286416703
LB_EHEC-FliC_10uM_C-1,LB,EHEC-FliC,10,1,L-Tyrosine methyl ester,201382.0468139803,67,197589.58204519405,1.019193647405554
LB_EHEC-FliC_10uM_C-45,LB,EHEC-FliC,10,45,Kanosamine,211111.09483137543,70,210645.63318267275,1.0022096904724298
LB_EHEC-FliC_10uM_C-1,LB,EHEC-FliC,10,1,L-Tyrosine methyl ester,192229.16207947914,67,197589.58204519405,0.9728709382841407
LB_EHEC-FliC_10uM_C-1,LB,EHEC-FliC,10,1,L-Tyrosine methyl ester,184346.81085842304,67,197589.58204519405,0.9329783936496103
LB_EHEC-FliC_10uM_C-46,LB,EHEC-FliC,10,46,Prolylleucine,205679.18845755898,66,198887.6915708579,1.034147396618968
LB_EHEC-FliC_10uM_C-46,LB,EHEC-FliC,10,46,Prolylleucine,205271.15275531186,66,198887.6915708579,1.0320958081117841
LB_EHEC-FliC_10uM_C-45,LB,EHEC-FliC,10,45,Kanosamine,204672.45118788787,66,198887.6915708579,1.0290855586453878
LB_EHEC-FliC_10uM_C-45,LB,EHEC-FliC,10,45,Kanosamine,210016.87163373045,66,198887.6915708579,1.0559571081295775
LB_EHEC-FliC_10uM_C-45,LB,EHEC-FliC,10,45,Kanosamine,194751.23335179582,66,198887.6915708579,0.9792020401745758
LB_EHEC-FliC_10uM_C-44,LB,EHEC-FliC,10,44,4-Dodecylbenzenesulfonic acid,200916.54322975184,66,198887.6915708579,1.010200991538841
LB_EHEC-FliC_10uM_C-44,LB,EHEC-FliC,10,44,4-Dodecylbenzenesulfonic acid,200127.67276207666,66,198887.6915708579,1.0062345798346048
LB_EHEC-FliC_10uM_C-44,LB,EHEC-FliC,10,44,4-Dodecylbenzenesulfonic acid,199742.99695781135,66,198887.6915708579,1.004300444035516
LB_EHEC-FliC_10uM_C-43,LB,EHEC-FliC,10,43,Docosahexaenoic acid ethyl ester,202616.15005101782,66,198887.6915708579,1.0187465521406165
LB_EHEC-FliC_10uM_C-43,LB,EHEC-FliC,10,43,Docosahexaenoic acid ethyl ester,203811.93270602135,66,198887.6915708579,1.0247589033603375
LB_EHEC-FliC_10uM_C-43,LB,EHEC-FliC,10,43,Docosahexaenoic acid ethyl ester,209253.3396710974,66,198887.6915708579,1.0521180974969813
LB_EHEC-FliC_10uM_C-42,LB,EHEC-FliC,10,42,Methyl-L-histidinate,207365.10838380858,66,198887.6915708579,1.0426241400158764
LB_EHEC-FliC_10uM_C-42,LB,EHEC-FliC,10,42,Methyl-L-histidinate,222743.12605997972,66,198887.6915708579,1.1199442474328425
LB_EHEC-FliC_10uM_C-42,LB,EHEC-FliC,10,42,Methyl-L-histidinate,204852.1935036062,66,198887.6915708579,1.029989296399588
LB_EHEC-FliC_10uM_C-30,LB,EHEC-FliC,10,30,DMSO,199445.47669619173,66,198887.6915708579,1.002804523100089
LB_EHEC-FliC_10uM_C-41,LB,EHEC-FliC,10,41,"3,4-Dimethylbenzoic acid",220313.41171305027,66,198887.6915708579,1.1077277330385176
LB_EHEC-FliC_10uM_C-45,LB,EHEC-FliC,10,45,Kanosamine,213059.41900872922,70,210645.63318267275,1.011458988204912
LB_EHEC-FliC_10uM_C-41,LB,EHEC-FliC,10,41,"3,4-Dimethylbenzoic acid",223683.04815668458,66,198887.6915708579,1.124670141173582
LB_EHEC-FliC_10uM_C-9,LB,EHEC-FliC,10,9,Netilmicin,231198.32509404977,63,190057.89500505888,1.2164626209708143
LB_EHEC-FliC_10uM_C-9,LB,EHEC-FliC,10,9,Netilmicin,259129.89457692284,63,190057.89500505888,1.3634261000840058
LB_EHEC-FliC_10uM_C-30,LB,EHEC-FliC,10,30,DMSO,210814.39089089292,60,203403.24369696341,1.0364357374996973
LB_EHEC-FliC_10uM_C-9,LB,EHEC-FliC,10,9,Netilmicin,238587.1790275706,63,190057.89500505888,1.2553394796949633
LB_EHEC-FliC_10uM_C-31,LB,EHEC-FliC,10,31,DMSO,2358.735535318237,70,210645.63318267275,0.011197647440774297
LB_EHEC-FliC_10uM_C-8,LB,EHEC-FliC,10,8,2-Methylbenzoic acid,207117.81057195188,63,190057.89500505888,1.08976167796891
LB_EHEC-FliC_10uM_C-8,LB,EHEC-FliC,10,8,2-Methylbenzoic acid,197925.3026589566,63,190057.89500505888,1.041394795273768
LB_EHEC-FliC_10uM_C-8,LB,EHEC-FliC,10,8,2-Methylbenzoic acid,210531.91029375987,63,190057.89500505888,1.107725150213602
LB_EHEC-FliC_10uM_C-8,LB,EHEC-FliC,10,8,2-Methylbenzoic acid,204158.62380860225,63,190057.89500505888,1.0741917551131883
LB_EHEC-FliC_10uM_C-7,LB,EHEC-FliC,10,7,DL-Arginine,215945.24342160442,63,190057.89500505888,1.1362076982692904
LB_EHEC-FliC_10uM_C-31,LB,EHEC-FliC,10,31,DMSO,2048.4732584535523,70,210645.63318267275,0.00972473640921437
LB_EHEC-FliC_10uM_C-29,LB,EHEC-FliC,10,29,PAC,152423.33096072593,67,197589.58204519405,0.7714138032128769
LB_EHEC-FliC_10uM_C-7,LB,EHEC-FliC,10,7,DL-Arginine,208418.19425241134,63,190057.89500505888,1.0966037177611787
LB_EHEC-FliC_10uM_C-30,LB,EHEC-FliC,10,30,DMSO,198880.92092166413,66,198887.6915708579,0.9999659574248145
LB_EHEC-FliC_10uM_C-7,LB,EHEC-FliC,10,7,DL-Arginine,217383.01945862846,63,190057.89500505888,1.1437726354532247
LB_EHEC-FliC_10uM_C-6,LB,EHEC-FliC,10,6,4-Methylbenzoic acid,247296.79706030773,63,190057.89500505888,1.301165610898328
LB_EHEC-FliC_10uM_C-30,LB,EHEC-FliC,10,30,DMSO,175647.65329218027,68,177110.22981399036,0.9917419986222922
LB_EHEC-FliC_10uM_C-6,LB,EHEC-FliC,10,6,4-Methylbenzoic acid,242336.6793331569,63,190057.89500505888,1.2750676804386711
LB_EHEC-FliC_10uM_C-6,LB,EHEC-FliC,10,6,4-Methylbenzoic acid,252572.6615622216,63,190057.89500505888,1.3289248602669135
LB_EHEC-FliC_10uM_C-25,LB,EHEC-FliC,10,25,N-Acetyl-L-methionine,214404.75625124108,70,210645.63318267275,1.0178457203777322
LB_EHEC-FliC_10uM_C-6,LB,EHEC-FliC,10,6,4-Methylbenzoic acid,238907.63280475608,63,190057.89500505888,1.2570255647543447
LB_EHEC-FliC_10uM_C-5,LB,EHEC-FliC,10,5,2-sec-Butyl-3-methoxypyrazin,191978.90016066554,63,190057.89500505888,1.0101074735966928
LB_EHEC-FliC_10uM_C-5,LB,EHEC-FliC,10,5,2-sec-Butyl-3-methoxypyrazin,189603.29310239202,63,190057.89500505888,0.9976080872480738
LB_EHEC-FliC_10uM_C-5,LB,EHEC-FliC,10,5,2-sec-Butyl-3-methoxypyrazin,200806.2419389806,63,190057.89500505888,1.0565530147202546
LB_EHEC-FliC_10uM_C-42,LB,EHEC-FliC,10,42,Methyl-L-histidinate,200430.5457159541,66,198887.6915708579,1.0077574139098826
LB_EHEC-FliC_10uM_C-4,LB,EHEC-FliC,10,4,Pyridoxine,184284.33020388713,63,190057.89500505888,0.9696220733107769
LB_EHEC-FliC_10uM_C-30,LB,EHEC-FliC,10,30,DMSO,190833.76055122702,67,197589.58204519405,0.965808817327111
LB_EHEC-FliC_10uM_C-4,LB,EHEC-FliC,10,4,Pyridoxine,188531.2054778884,63,190057.89500505888,0.9919672396291149
LB_EHEC-FliC_10uM_C-3,LB,EHEC-FliC,10,3,Cystathionine,212129.57915384925,63,190057.89500505888,1.1161313722232
LB_EHEC-FliC_10uM_C-45,LB,EHEC-FliC,10,45,Kanosamine,210309.18968516885,70,210645.63318267275,0.9984027986129096
LB_EHEC-FliC_10uM_C-3,LB,EHEC-FliC,10,3,Cystathionine,211588.08532564391,63,190057.89500505888,1.1132822728569731
LB_EHEC-FliC_10uM_C-44,LB,EHEC-FliC,10,44,4-Dodecylbenzenesulfonic acid,203791.06910861525,70,210645.63318267275,0.9674592633586038
LB_EHEC-FliC_10uM_C-3,LB,EHEC-FliC,10,3,Cystathionine,222799.75975460303,63,190057.89500505888,1.1722731105102087
LB_EHEC-FliC_10uM_C-3,LB,EHEC-FliC,10,3,Cystathionine,223720.4263021112,63,190057.89500505888,1.1771172478583767
LB_EHEC-FliC_10uM_C-29,LB,EHEC-FliC,10,29,PAC,154620.262051541,63,190057.89500505888,0.8135429577783412
LB_EHEC-FliC_10uM_C-29,LB,EHEC-FliC,10,29,PAC,158366.88509175935,63,190057.89500505888,0.8332560196330914
LB_EHEC-FliC_10uM_C-28,LB,EHEC-FliC,10,28,DiHome,195762.20010714358,63,190057.89500505888,1.0300135129978836
LB_EHEC-FliC_10uM_C-28,LB,EHEC-FliC,10,28,DiHome,197298.02158924617,63,190057.89500505888,1.038094321648646
LB_EHEC-FliC_10uM_C-28,LB,EHEC-FliC,10,28,DiHome,202278.83329891285,63,190057.89500505888,1.0643011346281022
LB_EHEC-FliC_10uM_C-28,LB,EHEC-FliC,10,28,DiHome,203312.51044781675,63,190057.89500505888,1.0697398834308096
LB_EHEC-FliC_10uM_C-27,LB,EHEC-FliC,10,27,Acetylarginine,191988.20905711275,63,190057.89500505888,1.0101564528640208
LB_EHEC-FliC_10uM_C-27,LB,EHEC-FliC,10,27,Acetylarginine,204844.21271967108,63,190057.89500505888,1.0777990186317628
LB_EHEC-FliC_10uM_C-27,LB,EHEC-FliC,10,27,Acetylarginine,203133.3641341797,63,190057.89500505888,1.0687972953124245
LB_EHEC-FliC_10uM_C-26,LB,EHEC-FliC,10,26,N-Acetylhistamine,217437.09045610213,63,190057.89500505888,1.1440571329610616
LB_EHEC-FliC_10uM_C-26,LB,EHEC-FliC,10,26,N-Acetylhistamine,208100.4896271799,63,190057.89500505888,1.094932097515027
LB_EHEC-FliC_10uM_C-26,LB,EHEC-FliC,10,26,N-Acetylhistamine,217796.6687415378,63,190057.89500505888,1.1459490737585019
LB_EHEC-FliC_10uM_C-31,LB,EHEC-FliC,10,31,DMSO,2175.318821914261,70,210645.63318267275,0.01032691154830547
LB_EHEC-FliC_10uM_C-26,LB,EHEC-FliC,10,26,N-Acetylhistamine,199717.3040734311,63,190057.89500505888,1.0508235086372766
LB_EHEC-FliC_10uM_C-30,LB,EHEC-FliC,10,30,DMSO,190661.4364227965,66,198887.6915708579,0.9586386915998238
LB_EHEC-FliC_10uM_C-25,LB,EHEC-FliC,10,25,N-Acetyl-L-methionine,238319.04725878546,63,190057.89500505888,1.253928689741839
LB_EHEC-FliC_10uM_C-25,LB,EHEC-FliC,10,25,N-Acetyl-L-methionine,246079.40357891793,63,190057.89500505888,1.2947602285733402
LB_EHEC-FliC_10uM_C-25,LB,EHEC-FliC,10,25,N-Acetyl-L-methionine,233529.03859037097,63,190057.89500505888,1.2287257973900794
LB_EHEC-FliC_10uM_C-27,LB,EHEC-FliC,10,27,Acetylarginine,201317.1948346214,63,190057.89500505888,1.0592414213009296
LB_EHEC-FliC_10uM_C-25,LB,EHEC-FliC,10,25,N-Acetyl-L-methionine,235702.176787661,63,190057.89500505888,1.2401598827630245
LB_EHEC-FliC_10uM_C-24,LB,EHEC-FliC,10,24,Erythromycin,220338.71201402668,63,190057.89500505888,1.1593241733428743
LB_EHEC-FliC_10uM_C-24,LB,EHEC-FliC,10,24,Erythromycin,220175.62687650838,63,190057.89500505888,1.1584660919802772
LB_EHEC-FliC_10uM_C-24,LB,EHEC-FliC,10,24,Erythromycin,220636.09480847983,63,190057.89500505888,1.1608888691659298
LB_EHEC-FliC_10uM_C-24,LB,EHEC-FliC,10,24,Erythromycin,213061.00544529728,63,190057.89500505888,1.1210321225520576
LB_EHEC-FliC_10uM_C-23,LB,EHEC-FliC,10,23,Spiramycin,202543.390471852,63,190057.89500505888,1.0656931166498544
LB_EHEC-FliC_10uM_C-23,LB,EHEC-FliC,10,23,Spiramycin,197434.11010027185,63,190057.89500505888,1.0388103587857618
LB_EHEC-FliC_10uM_C-23,LB,EHEC-FliC,10,23,Spiramycin,192519.37946881572,63,190057.89500505888,1.0129512350102128
LB_EHEC-FliC_10uM_C-23,LB,EHEC-FliC,10,23,Spiramycin,196343.70592946486,63,190057.89500505888,1.0330731376575473
LB_EHEC-FliC_10uM_C-22,LB,EHEC-FliC,10,22,Glucosamine,191899.62569403942,63,190057.89500505888,1.0096903666587043
LB_EHEC-FliC_10uM_C-22,LB,EHEC-FliC,10,22,Glucosamine,193480.26403238767,63,190057.89500505888,1.0180069816475537
LB_EHEC-FliC_10uM_C-22,LB,EHEC-FliC,10,22,Glucosamine,196124.10116889895,63,190057.89500505888,1.0319176752098544
LB_EHEC-FliC_10uM_C-41,LB,EHEC-FliC,10,41,"3,4-Dimethylbenzoic acid",230835.56861113198,66,198887.6915708579,1.160632751016128
LB_EHEC-FliC_10uM_C-20,LB,EHEC-FliC,10,20,Glutamine,199413.48744235496,63,190057.89500505888,1.0492249608312618
LB_EHEC-FliC_10uM_C-20,LB,EHEC-FliC,10,20,Glutamine,214899.67927706038,63,190057.89500505888,1.130706405389475
LB_EHEC-FliC_10uM_C-17,LB,EHEC-FliC,10,17,L-Lysine,222689.09066866737,70,210645.63318267275,1.0571740192475316
LB_EHEC-FliC_10uM_C-20,LB,EHEC-FliC,10,20,Glutamine,213895.7015990627,63,190057.89500505888,1.125423921975824
LB_EHEC-FliC_10uM_C-20,LB,EHEC-FliC,10,20,Glutamine,210128.22233263194,63,190057.89500505888,1.1056011239471994
LB_EHEC-FliC_10uM_C-44,LB,EHEC-FliC,10,44,4-Dodecylbenzenesulfonic acid,199061.2482287075,70,210645.63318267275,0.9450053401110896
LB_EHEC-FliC_10uM_C-2,LB,EHEC-FliC,10,2,N-Acetyl-L-phenylalanine,210777.86725462167,63,190057.89500505888,1.1090192662031286
LB_EHEC-FliC_10uM_C-2,LB,EHEC-FliC,10,2,N-Acetyl-L-phenylalanine,210020.95779510506,63,190057.89500505888,1.1050367457216907
LB_EHEC-FliC_10uM_C-19,LB,EHEC-FliC,10,19,2-Hydroxyhexanoic acid,208954.8517873049,63,190057.89500505888,1.099427370705874
LB_EHEC-FliC_10uM_C-19,LB,EHEC-FliC,10,19,2-Hydroxyhexanoic acid,213270.8300001615,63,190057.89500505888,1.1221361259130265
LB_EHEC-FliC_10uM_C-19,LB,EHEC-FliC,10,19,2-Hydroxyhexanoic acid,213054.6835291468,63,190057.89500505888,1.1209988594447802
LB_EHEC-FliC_10uM_C-19,LB,EHEC-FliC,10,19,2-Hydroxyhexanoic acid,201871.13993174763,63,190057.89500505888,1.0621560336989648
LB_EHEC-FliC_10uM_C-18,LB,EHEC-FliC,10,18,Silibinin,219986.3195827839,63,190057.89500505888,1.1574700413099304
LB_EHEC-FliC_10uM_C-18,LB,EHEC-FliC,10,18,Silibinin,229000.40643365425,63,190057.89500505888,1.2048981518371484
LB_EHEC-FliC_10uM_C-18,LB,EHEC-FliC,10,18,Silibinin,207027.28281870415,63,190057.89500505888,1.0892853612484428
LB_EHEC-FliC_10uM_C-16,LB,EHEC-FliC,10,16,Pimelic acid,192193.15889178732,63,190057.89500505888,1.0112348076183397
LB_EHEC-FliC_10uM_C-16,LB,EHEC-FliC,10,16,Pimelic acid,193302.19766181769,63,190057.89500505888,1.017070075708628
LB_EHEC-FliC_10uM_C-16,LB,EHEC-FliC,10,16,Pimelic acid,198867.30407194005,63,190057.89500505888,1.046351187182446
LB_EHEC-FliC_10uM_C-16,LB,EHEC-FliC,10,16,Pimelic acid,194865.5568008368,63,190057.89500505888,1.025295775246011
LB_EHEC-FliC_10uM_C-15,LB,EHEC-FliC,10,15,Uracil,184184.92381234528,63,190057.89500505888,0.9690990411497651
LB_EHEC-FliC_10uM_C-15,LB,EHEC-FliC,10,15,Uracil,198542.83222702332,63,190057.89500505888,1.0446439608401354
LB_EHEC-FliC_10uM_C-41,LB,EHEC-FliC,10,41,"3,4-Dimethylbenzoic acid",299046.95058658853,70,210645.63318267275,1.419668407401799
LB_EHEC-FliC_10uM_C-15,LB,EHEC-FliC,10,15,Uracil,196085.77440850338,63,190057.89500505888,1.0317160168657242
LB_EHEC-FliC_10uM_C-14,LB,EHEC-FliC,10,14,Isoleucine,199889.36192667033,63,190057.89500505888,1.0517288004339402
LB_EHEC-FliC_10uM_C-30,LB,EHEC-FliC,10,30,DMSO,190946.67833540458,63,190057.89500505888,1.0046763820588565
LB_EHEC-FliC_10uM_C-14,LB,EHEC-FliC,10,14,Isoleucine,204183.6501087167,63,190057.89500505888,1.0743234323587654
LB_EHEC-FliC_10uM_C-14,LB,EHEC-FliC,10,14,Isoleucine,204905.89306326117,63,190057.89500505888,1.0781235531299926
LB_EHEC-FliC_10uM_C-13,LB,EHEC-FliC,10,13,DL-Homoserine,191056.13896428194,63,190057.89500505888,1.005252315139008
LB_EHEC-FliC_10uM_C-13,LB,EHEC-FliC,10,13,DL-Homoserine,195225.18408671627,63,190057.89500505888,1.0271879738619638
LB_EHEC-FliC_10uM_C-14,LB,EHEC-FliC,10,14,Isoleucine,191846.9923466378,63,190057.89500505888,1.0094134334252798
LB_EHEC-FliC_10uM_C-13,LB,EHEC-FliC,10,13,DL-Homoserine,192716.2346261703,63,190057.89500505888,1.013986999177491
LB_EHEC-FliC_10uM_C-41,LB,EHEC-FliC,10,41,"3,4-Dimethylbenzoic acid",212247.77746846827,66,198887.6915708579,1.0671740206349098
LB_EHEC-FliC_10uM_C-13,LB,EHEC-FliC,10,13,DL-Homoserine,193893.11977717542,63,190057.89500505888,1.0201792447086424
LB_EHEC-FliC_10uM_C-5,LB,EHEC-FliC,10,5,2-sec-Butyl-3-methoxypyrazin,199601.59183343715,63,190057.89500505888,1.0502146823636254
LB_EHEC-FliC_10uM_C-12,LB,EHEC-FliC,10,12,UDP-N-acetylglucosamine,170661.94087023922,63,190057.89500505888,0.8979471274565922
LB_EHEC-FliC_10uM_C-12,LB,EHEC-FliC,10,12,UDP-N-acetylglucosamine,189403.65808131912,63,190057.89500505888,0.9965576966759401
LB_EHEC-FliC_10uM_C-12,LB,EHEC-FliC,10,12,UDP-N-acetylglucosamine,174706.55781087244,63,190057.89500505888,0.9192281005018086
LB_EHEC-FliC_10uM_C-11,LB,EHEC-FliC,10,11,Deoxycholic acid,200375.08892003493,63,190057.89500505888,1.0542844795513568
LB_EHEC-FliC_10uM_C-4,LB,EHEC-FliC,10,4,Pyridoxine,187238.47039654432,63,190057.89500505888,0.985165443359038
LB_EHEC-FliC_10uM_C-11,LB,EHEC-FliC,10,11,Deoxycholic acid,174673.4541645988,63,190057.89500505888,0.9190539238580403
LB_EHEC-FliC_10uM_C-11,LB,EHEC-FliC,10,11,Deoxycholic acid,180084.986967314,63,190057.89500505888,0.9475269994046844
LB_EHEC-FliC_10uM_C-9,LB,EHEC-FliC,10,9,Netilmicin,10318.584364545051,61,206463.06473617366,0.049977870752478316
LB_EHEC-FliC_10uM_C-9,LB,EHEC-FliC,10,9,Netilmicin,9372.559889231086,61,206463.06473617366,0.04539581886575063
LB_EHEC-FliC_10uM_C-9,LB,EHEC-FliC,10,9,Netilmicin,8669.867758263548,61,206463.06473617366,0.04199234264657572
LB_EHEC-FliC_10uM_C-9,LB,EHEC-FliC,10,9,Netilmicin,9785.662475071036,61,206463.06473617366,0.0473966735288732
LB_EHEC-FliC_10uM_C-8,LB,EHEC-FliC,10,8,2-Methylbenzoic acid,208291.0781991867,61,206463.06473617366,1.0088539490845443
LB_EHEC-FliC_10uM_C-8,LB,EHEC-FliC,10,8,2-Methylbenzoic acid,200566.85735269025,61,206463.06473617366,0.9714418296027049
LB_EHEC-FliC_10uM_C-8,LB,EHEC-FliC,10,8,2-Methylbenzoic acid,211373.9771830545,61,206463.06473617366,1.0237859127643785
LB_EHEC-FliC_10uM_C-30,LB,EHEC-FliC,10,30,DMSO,199583.87439736375,67,197589.58204519405,1.010093104765582
LB_EHEC-FliC_10uM_C-7,LB,EHEC-FliC,10,7,DL-Arginine,209931.14681929024,61,206463.06473617366,1.016797590830826
LB_EHEC-FliC_10uM_C-7,LB,EHEC-FliC,10,7,DL-Arginine,212061.2384840525,61,206463.06473617366,1.0271146500466435
LB_EHEC-FliC_10uM_C-7,LB,EHEC-FliC,10,7,DL-Arginine,209153.35893777278,61,206463.06473617366,1.0130303897456763
LB_EHEC-FliC_10uM_C-7,LB,EHEC-FliC,10,7,DL-Arginine,225550.42449503593,61,206463.06473617366,1.0924492706879694
LB_EHEC-FliC_10uM_C-43,LB,EHEC-FliC,10,43,Docosahexaenoic acid ethyl ester,209203.91754330095,66,198887.6915708579,1.0518696048557017
LB_EHEC-FliC_10uM_C-5,LB,EHEC-FliC,10,5,2-sec-Butyl-3-methoxypyrazin,193119.08812897222,61,206463.06473617366,0.9353686983952656
LB_EHEC-FliC_10uM_C-5,LB,EHEC-FliC,10,5,2-sec-Butyl-3-methoxypyrazin,187818.43553253388,61,206463.06473617366,0.9096950864917916
LB_EHEC-FliC_10uM_C-31,LB,EHEC-FliC,10,31,DMSO,2381.612211873562,70,210645.63318267275,0.011306250103025958
LB_EHEC-FliC_10uM_C-5,LB,EHEC-FliC,10,5,2-sec-Butyl-3-methoxypyrazin,187046.08151949942,61,206463.06473617366,0.9059542042472052
LB_EHEC-FliC_10uM_C-5,LB,EHEC-FliC,10,5,2-sec-Butyl-3-methoxypyrazin,204860.25056443765,61,206463.06473617366,0.9922367994789569
LB_EHEC-FliC_10uM_C-45,LB,EHEC-FliC,10,45,Kanosamine,197162.6225650192,66,198887.6915708579,0.9913264164704527
LB_EHEC-FliC_10uM_C-4,LB,EHEC-FliC,10,4,Pyridoxine,208790.29634450967,61,206463.06473617366,1.0112719028525021
LB_EHEC-FliC_10uM_C-4,LB,EHEC-FliC,10,4,Pyridoxine,188931.29504596905,61,206463.06473617366,0.9150852007713468
LB_EHEC-FliC_10uM_C-4,LB,EHEC-FliC,10,4,Pyridoxine,206657.7021588506,61,206463.06473617366,1.0009427227234355
LB_EHEC-FliC_10uM_C-17,LB,EHEC-FliC,10,17,L-Lysine,204537.34528884443,70,210645.63318267275,0.9710020673035686
LB_EHEC-FliC_10uM_C-4,LB,EHEC-FliC,10,4,Pyridoxine,198081.41781473823,61,206463.06473617366,0.9594036495963778
LB_EHEC-FliC_10uM_C-3,LB,EHEC-FliC,10,3,Cystathionine,220109.92391146542,61,206463.06473617366,1.0660983076693655
LB_EHEC-FliC_10uM_C-29,LB,EHEC-FliC,10,29,PAC,154119.5177968731,61,206463.06473617366,0.7464750074974081
LB_EHEC-FliC_10uM_C-29,LB,EHEC-FliC,10,29,PAC,153046.57048498435,61,206463.06473617366,0.7412782072210014
LB_EHEC-FliC_10uM_C-29,LB,EHEC-FliC,10,29,PAC,154463.98470809718,61,206463.06473617366,0.7481434265517521
LB_EHEC-FliC_10uM_C-29,LB,EHEC-FliC,10,29,PAC,157985.5565276523,61,206463.06473617366,0.7652000939225243
LB_EHEC-FliC_10uM_C-28,LB,EHEC-FliC,10,28,DiHome,204464.7048943948,61,206463.06473617366,0.9903209814097623
LB_EHEC-FliC_10uM_C-28,LB,EHEC-FliC,10,28,DiHome,208256.28538052266,61,206463.06473617366,1.0086854307168232
LB_EHEC-FliC_10uM_C-28,LB,EHEC-FliC,10,28,DiHome,208113.19891993888,61,206463.06473617366,1.007992394115983
LB_EHEC-FliC_10uM_C-27,LB,EHEC-FliC,10,27,Acetylarginine,203301.74924140004,61,206463.06473617366,0.9846882274133959
LB_EHEC-FliC_10uM_C-27,LB,EHEC-FliC,10,27,Acetylarginine,209076.05732690482,61,206463.06473617366,1.0126559808364277
LB_EHEC-FliC_10uM_C-27,LB,EHEC-FliC,10,27,Acetylarginine,204321.94434590923,61,206463.06473617366,0.9896295233580862
LB_EHEC-FliC_10uM_C-43,LB,EHEC-FliC,10,43,Docosahexaenoic acid ethyl ester,205687.7206026595,70,210645.63318267275,0.9764632548745327
LB_EHEC-FliC_10uM_C-26,LB,EHEC-FliC,10,26,N-Acetylhistamine,226782.82672092738,61,206463.06473617366,1.0984183878638005
LB_EHEC-FliC_10uM_C-26,LB,EHEC-FliC,10,26,N-Acetylhistamine,229813.03649942498,61,206463.06473617366,1.1130951523609747
LB_EHEC-FliC_10uM_C-26,LB,EHEC-FliC,10,26,N-Acetylhistamine,221154.2422052475,61,206463.06473617366,1.071156443830991
LB_EHEC-FliC_10uM_C-26,LB,EHEC-FliC,10,26,N-Acetylhistamine,225267.97120530304,61,206463.06473617366,1.0910812134517087
LB_EHEC-FliC_10uM_C-24,LB,EHEC-FliC,10,24,Erythromycin,212082.47618503563,61,206463.06473617366,1.0272175144549107
LB_EHEC-FliC_10uM_C-24,LB,EHEC-FliC,10,24,Erythromycin,220735.34186487962,61,206463.06473617366,1.0691275078520395
LB_EHEC-FliC_10uM_C-24,LB,EHEC-FliC,10,24,Erythromycin,212962.572378299,61,206463.06473617366,1.0314802439382107
LB_EHEC-FliC_10uM_C-44,LB,EHEC-FliC,10,44,4-Dodecylbenzenesulfonic acid,192822.7237105691,70,210645.63318267275,0.915389133860432
LB_EHEC-FliC_10uM_C-23,LB,EHEC-FliC,10,23,Spiramycin,210850.41311639166,61,206463.06473617366,1.0212500399808766
LB_EHEC-FliC_10uM_C-23,LB,EHEC-FliC,10,23,Spiramycin,211823.32620939394,61,206463.06473617366,1.0259623263854474
LB_EHEC-FliC_10uM_C-23,LB,EHEC-FliC,10,23,Spiramycin,204841.21511040287,61,206463.06473617366,0.9921446016126746
LB_EHEC-FliC_10uM_C-22,LB,EHEC-FliC,10,22,Glucosamine,202661.63471920157,61,206463.06473617366,0.9815878446741566
LB_EHEC-FliC_10uM_C-22,LB,EHEC-FliC,10,22,Glucosamine,210156.69511880862,61,206463.06473617366,1.0178900298092293
LB_EHEC-FliC_10uM_C-22,LB,EHEC-FliC,10,22,Glucosamine,207269.49677246297,61,206463.06473617366,1.0039059385140863
LB_EHEC-FliC_10uM_C-22,LB,EHEC-FliC,10,22,Glucosamine,204160.7272228494,61,206463.06473617366,0.9888486712319888
LB_EHEC-FliC_10uM_C-21,LB,EHEC-FliC,10,21,Heptanoic acid,284037.3513002459,61,206463.06473617366,1.3757296088925135
LB_EHEC-FliC_10uM_C-21,LB,EHEC-FliC,10,21,Heptanoic acid,280520.5162128036,61,206463.06473617366,1.3586958837953091
LB_EHEC-FliC_10uM_C-21,LB,EHEC-FliC,10,21,Heptanoic acid,274904.1654698554,61,206463.06473617366,1.3314931938123575
LB_EHEC-FliC_10uM_C-21,LB,EHEC-FliC,10,21,Heptanoic acid,278510.7277948007,61,206463.06473617366,1.348961511109468
LB_EHEC-FliC_10uM_C-30,LB,EHEC-FliC,10,30,DMSO,195375.68732535132,67,197589.58204519405,0.9887954886238063
LB_EHEC-FliC_10uM_C-20,LB,EHEC-FliC,10,20,Glutamine,222247.53299613413,61,206463.06473617366,1.076451777368172
LB_EHEC-FliC_10uM_C-20,LB,EHEC-FliC,10,20,Glutamine,221175.31121159391,61,206463.06473617366,1.0712584911699345
LB_EHEC-FliC_10uM_C-20,LB,EHEC-FliC,10,20,Glutamine,222376.72211126063,61,206463.06473617366,1.077077502435712
LB_EHEC-FliC_10uM_C-20,LB,EHEC-FliC,10,20,Glutamine,222393.20544101147,61,206463.06473617366,1.0771573391356655
LB_EHEC-FliC_10uM_C-2,LB,EHEC-FliC,10,2,N-Acetyl-L-phenylalanine,213459.01860062417,61,206463.06473617366,1.0338847719488724
LB_EHEC-FliC_10uM_C-2,LB,EHEC-FliC,10,2,N-Acetyl-L-phenylalanine,208028.70102978364,61,206463.06473617366,1.0075831301623397
LB_EHEC-FliC_10uM_C-2,LB,EHEC-FliC,10,2,N-Acetyl-L-phenylalanine,210384.6241170973,61,206463.06473617366,1.0189939996576858
LB_EHEC-FliC_10uM_C-2,LB,EHEC-FliC,10,2,N-Acetyl-L-phenylalanine,205659.1992194898,61,206463.06473617366,0.9961064923757134
LB_EHEC-FliC_10uM_C-19,LB,EHEC-FliC,10,19,2-Hydroxyhexanoic acid,212105.54410753615,61,206463.06473617366,1.0273292435069326
LB_EHEC-FliC_10uM_C-19,LB,EHEC-FliC,10,19,2-Hydroxyhexanoic acid,214046.1231966869,61,206463.06473617366,1.0367284021004104
LB_EHEC-FliC_10uM_C-19,LB,EHEC-FliC,10,19,2-Hydroxyhexanoic acid,214567.5560737475,61,206463.06473617366,1.0392539525068567
LB_EHEC-FliC_10uM_C-17,LB,EHEC-FliC,10,17,L-Lysine,202131.4574962309,70,210645.63318267275,0.9595805735072688
LB_EHEC-FliC_10uM_C-18,LB,EHEC-FliC,10,18,Silibinin,227235.3046268359,61,206463.06473617366,1.1006099561546554
LB_EHEC-FliC_10uM_C-46,LB,EHEC-FliC,10,46,Prolylleucine,205152.45480467062,66,198887.6915708579,1.031498999180554
LB_EHEC-FliC_10uM_C-18,LB,EHEC-FliC,10,18,Silibinin,227327.07624997458,61,206463.06473617366,1.1010544502982251
LB_EHEC-FliC_10uM_C-2,LB,EHEC-FliC,10,2,N-Acetyl-L-phenylalanine,199957.49146678255,63,190057.89500505888,1.052087267732078
LB_EHEC-FliC_10uM_C-17,LB,EHEC-FliC,10,17,L-Lysine,286541.10273411754,61,206463.06473617366,1.3878564822248989
LB_EHEC-FliC_10uM_C-17,LB,EHEC-FliC,10,17,L-Lysine,275353.05292890064,61,206463.06473617366,1.3336673718408532
LB_EHEC-FliC_10uM_C-16,LB,EHEC-FliC,10,16,Pimelic acid,213915.5640688561,61,206463.06473617366,1.0360960414019114
LB_EHEC-FliC_10uM_C-9,LB,EHEC-FliC,10,9,Netilmicin,225168.25609323403,63,190057.89500505888,1.1847350834188741
LB_EHEC-FliC_10uM_C-8,LB,EHEC-FliC,10,8,2-Methylbenzoic acid,198049.22686315238,61,206463.06473617366,0.9592477333232808
LB_EHEC-FliC_10uM_C-16,LB,EHEC-FliC,10,16,Pimelic acid,216096.0839042289,61,206463.06473617366,1.0466573485207376
LB_EHEC-FliC_10uM_C-16,LB,EHEC-FliC,10,16,Pimelic acid,212319.23438407347,61,206463.06473617366,1.028364248372381
LB_EHEC-FliC_10uM_C-28,LB,EHEC-FliC,10,28,DiHome,205671.2166900184,61,206463.06473617366,0.9961646987698883
LB_EHEC-FliC_10uM_C-15,LB,EHEC-FliC,10,15,Uracil,207249.72754786257,61,206463.06473617366,1.0038101866437668
LB_EHEC-FliC_10uM_C-15,LB,EHEC-FliC,10,15,Uracil,206682.34172590717,61,206463.06473617366,1.0010620640065269
LB_EHEC-FliC_10uM_C-15,LB,EHEC-FliC,10,15,Uracil,202663.74058354835,61,206463.06473617366,0.98159804438881
LB_EHEC-FliC_10uM_C-15,LB,EHEC-FliC,10,15,Uracil,208261.6789744228,61,206463.06473617366,1.0087115544881962
LB_EHEC-FliC_10uM_C-14,LB,EHEC-FliC,10,14,Isoleucine,218470.1495127041,61,206463.06473617366,1.0581560909786627
LB_EHEC-FliC_10uM_C-44,LB,EHEC-FliC,10,44,4-Dodecylbenzenesulfonic acid,198992.86170141626,66,198887.6915708579,1.0005287915492795
LB_EHEC-FliC_10uM_C-14,LB,EHEC-FliC,10,14,Isoleucine,218781.64377224332,61,206463.06473617366,1.059664807610072
LB_EHEC-FliC_10uM_C-14,LB,EHEC-FliC,10,14,Isoleucine,219016.8547862296,61,206463.06473617366,1.0608040477656266
LB_EHEC-FliC_10uM_C-46,LB,EHEC-FliC,10,46,Prolylleucine,206379.75531850618,70,210645.63318267275,0.9797485578043426
LB_EHEC-FliC_10uM_C-13,LB,EHEC-FliC,10,13,DL-Homoserine,207642.32778143865,61,206463.06473617366,1.005711738546417
LB_EHEC-FliC_10uM_C-13,LB,EHEC-FliC,10,13,DL-Homoserine,209501.89234341824,61,206463.06473617366,1.0147185047898408
LB_EHEC-FliC_10uM_C-13,LB,EHEC-FliC,10,13,DL-Homoserine,204497.5321605514,61,206463.06473617366,0.9904799796606047
LB_EHEC-FliC_10uM_C-13,LB,EHEC-FliC,10,13,DL-Homoserine,204331.4242501827,61,206463.06473617366,0.9896754390974731
LB_EHEC-FliC_10uM_C-12,LB,EHEC-FliC,10,12,UDP-N-acetylglucosamine,207634.12805955295,61,206463.06473617366,1.005672023346528
LB_EHEC-FliC_10uM_C-12,LB,EHEC-FliC,10,12,UDP-N-acetylglucosamine,205883.89697959312,61,206463.06473617366,0.9971948117823368
LB_EHEC-FliC_10uM_C-27,LB,EHEC-FliC,10,27,Acetylarginine,207962.01786219163,61,206463.06473617366,1.0072601514848836
LB_EHEC-FliC_10uM_C-12,LB,EHEC-FliC,10,12,UDP-N-acetylglucosamine,203168.5093739189,61,206463.06473617366,0.9840428826024419
LB_EHEC-FliC_10uM_C-12,LB,EHEC-FliC,10,12,UDP-N-acetylglucosamine,204580.34237577682,61,206463.06473617366,0.9908810693922293
LB_EHEC-FliC_10uM_C-11,LB,EHEC-FliC,10,11,Deoxycholic acid,212419.88435263807,61,206463.06473617366,1.0288517446162888
LB_EHEC-FliC_10uM_C-11,LB,EHEC-FliC,10,11,Deoxycholic acid,209175.06693115062,61,206463.06473617366,1.0131355320063782
LB_EHEC-FliC_10uM_C-11,LB,EHEC-FliC,10,11,Deoxycholic acid,209525.69427804401,61,206463.06473617366,1.0148337890158896
LB_EHEC-FliC_10uM_C-30,LB,EHEC-FliC,10,30,DMSO,210508.50313799756,61,206463.06473617366,1.0195940053829642
LB_EHEC-FliC_10uM_C-46,LB,EHEC-FliC,10,46,Prolylleucine,209678.45310374626,66,198887.6915708579,1.0542555522046668
LB_EHEC-FliC_10uM_C-11,LB,EHEC-FliC,10,11,Deoxycholic acid,211730.6274746656,61,206463.06473617366,1.0255133417941995
LB_EHEC-FliC_10uM_C-10,LB,EHEC-FliC,10,10,Hexanoic acid,343785.71760858386,61,206463.06473617366,1.6651197057831448
LB_EHEC-FliC_10uM_C-10,LB,EHEC-FliC,10,10,Hexanoic acid,343675.4967064524,61,206463.06473617366,1.6645858529011666
LB_EHEC-FliC_10uM_C-10,LB,EHEC-FliC,10,10,Hexanoic acid,337339.31212964864,61,206463.06473617366,1.6338966611810863
LB_EHEC-FliC_10uM_C-1,LB,EHEC-FliC,10,1,L-Tyrosine methyl ester,265422.0161798958,61,206463.06473617366,1.2855665807298855
LB_EHEC-FliC_10uM_C-11,LB,EHEC-FliC,10,11,Deoxycholic acid,181899.71612547626,63,190057.89500505888,0.9570752960335299
LB_EHEC-FliC_10uM_C-1,LB,EHEC-FliC,10,1,L-Tyrosine methyl ester,263583.33471769944,61,206463.06473617366,1.2766609613904367
LB_EHEC-FliC_10uM_C-1,LB,EHEC-FliC,10,1,L-Tyrosine methyl ester,297685.09747768723,61,206463.06473617366,1.441832212740233
LB_EHEC-FliC_10uM_C-9,LB,EHEC-FliC,10,9,Netilmicin,28872.916306931787,60,203403.24369696341,0.14194914388851915
LB_EHEC-FliC_10uM_C-9,LB,EHEC-FliC,10,9,Netilmicin,16393.439758535762,60,203403.24369696341,0.08059576366913414
LB_EHEC-FliC_10uM_C-25,LB,EHEC-FliC,10,25,N-Acetyl-L-methionine,214984.92946896586,70,210645.63318267275,1.020599982163077
LB_EHEC-FliC_10uM_C-3,LB,EHEC-FliC,10,3,Cystathionine,223626.90441762845,61,206463.06473617366,1.0831327370994293
LB_EHEC-FliC_10uM_C-17,LB,EHEC-FliC,10,17,L-Lysine,242981.56339730212,61,206463.06473617366,1.1768766665737196
LB_EHEC-FliC_10uM_C-9,LB,EHEC-FliC,10,9,Netilmicin,17404.78710891465,60,203403.24369696341,0.08556789357226206
LB_EHEC-FliC_10uM_C-9,LB,EHEC-FliC,10,9,Netilmicin,42883.88075069549,60,203403.24369696341,0.21083184304860572
LB_EHEC-FliC_10uM_C-8,LB,EHEC-FliC,10,8,2-Methylbenzoic acid,204286.16060370862,60,203403.24369696341,1.004340721862138
LB_EHEC-FliC_10uM_C-8,LB,EHEC-FliC,10,8,2-Methylbenzoic acid,204162.55749293166,60,203403.24369696341,1.0037330466425576
LB_EHEC-FliC_10uM_C-8,LB,EHEC-FliC,10,8,2-Methylbenzoic acid,201826.8924761821,60,203403.24369696341,0.9922501175884402
LB_EHEC-FliC_10uM_C-8,LB,EHEC-FliC,10,8,2-Methylbenzoic acid,190688.379892437,60,203403.24369696341,0.937489375422796
LB_EHEC-FliC_10uM_C-7,LB,EHEC-FliC,10,7,DL-Arginine,224802.79498270544,60,203403.24369696341,1.1052075222439606
LB_EHEC-FliC_10uM_C-7,LB,EHEC-FliC,10,7,DL-Arginine,230208.17961124604,60,203403.24369696341,1.131782244113164
LB_EHEC-FliC_10uM_C-7,LB,EHEC-FliC,10,7,DL-Arginine,227568.37077863162,60,203403.24369696341,1.1188040399083812
LB_EHEC-FliC_10uM_C-7,LB,EHEC-FliC,10,7,DL-Arginine,222742.66127120535,60,203403.24369696341,1.095079199440174
LB_EHEC-FliC_10uM_C-1,LB,EHEC-FliC,10,1,L-Tyrosine methyl ester,198220.76699948398,67,197589.58204519405,1.0031944242594002
LB_EHEC-FliC_10uM_C-5,LB,EHEC-FliC,10,5,2-sec-Butyl-3-methoxypyrazin,196185.6610523185,60,203403.24369696341,0.9645158921093809
LB_EHEC-FliC_10uM_C-5,LB,EHEC-FliC,10,5,2-sec-Butyl-3-methoxypyrazin,201112.46633192763,60,203403.24369696341,0.9887377540131629
LB_EHEC-FliC_10uM_C-30,LB,EHEC-FliC,10,30,DMSO,203998.2306728697,70,210645.63318267275,0.9684427234053392
LB_EHEC-FliC_10uM_C-10,LB,EHEC-FliC,10,10,Hexanoic acid,328065.88633328385,70,210645.63318267275,1.5574302746109328
LB_EHEC-FliC_10uM_C-5,LB,EHEC-FliC,10,5,2-sec-Butyl-3-methoxypyrazin,195301.81271221815,60,203403.24369696341,0.9601705910019064
LB_EHEC-FliC_10uM_C-5,LB,EHEC-FliC,10,5,2-sec-Butyl-3-methoxypyrazin,189720.09439611036,60,203403.24369696341,0.9327289523404129
LB_EHEC-FliC_10uM_C-4,LB,EHEC-FliC,10,4,Pyridoxine,215233.00901345166,60,203403.24369696341,1.0581591773143628
LB_EHEC-FliC_10uM_C-4,LB,EHEC-FliC,10,4,Pyridoxine,211124.02779323587,60,203403.24369696341,1.0379580185445574
LB_EHEC-FliC_10uM_C-4,LB,EHEC-FliC,10,4,Pyridoxine,206435.23282326924,60,203403.24369696341,1.014906296827906
LB_EHEC-FliC_10uM_C-18,LB,EHEC-FliC,10,18,Silibinin,222947.9414508069,63,190057.89500505888,1.1730527766019536
LB_EHEC-FliC_10uM_C-4,LB,EHEC-FliC,10,4,Pyridoxine,196786.57221375284,60,203403.24369696341,0.9674701771567208
LB_EHEC-FliC_10uM_C-15,LB,EHEC-FliC,10,15,Uracil,190612.64007104465,63,190057.89500505888,1.0029188214779028
LB_EHEC-FliC_10uM_C-30,LB,EHEC-FliC,10,30,DMSO,196927.88238725188,60,203403.24369696341,0.9681649063603001
LB_EHEC-FliC_10uM_C-30,LB,EHEC-FliC,10,30,DMSO,195125.44187856754,60,203403.24369696341,0.9593034915867497
LB_EHEC-FliC_10uM_C-30,LB,EHEC-FliC,10,30,DMSO,206110.93312272974,61,206463.06473617366,0.9982944571035314
LB_EHEC-FliC_10uM_C-3,LB,EHEC-FliC,10,3,Cystathionine,205952.4456684105,60,203403.24369696341,1.0125327498476129
LB_EHEC-FliC_10uM_C-3,LB,EHEC-FliC,10,3,Cystathionine,207598.451417317,60,203403.24369696341,1.020625077772131
LB_EHEC-FliC_10uM_C-45,LB,EHEC-FliC,10,45,Kanosamine,202636.55261969345,70,210645.63318267275,0.96197841634802
LB_EHEC-FliC_10uM_C-3,LB,EHEC-FliC,10,3,Cystathionine,206138.488902481,60,203403.24369696341,1.0134474020954782
LB_EHEC-FliC_10uM_C-3,LB,EHEC-FliC,10,3,Cystathionine,201936.75098416614,60,203403.24369696341,0.9927902196339499
LB_EHEC-FliC_10uM_C-28,LB,EHEC-FliC,10,28,DiHome,225575.69237832032,60,203403.24369696341,1.1090073505139875
LB_EHEC-FliC_10uM_C-28,LB,EHEC-FliC,10,28,DiHome,224850.64871758845,60,203403.24369696341,1.1054427875918147
LB_EHEC-FliC_10uM_C-28,LB,EHEC-FliC,10,28,DiHome,223766.355009245,60,203403.24369696341,1.1001120284129744
LB_EHEC-FliC_10uM_C-28,LB,EHEC-FliC,10,28,DiHome,226386.57083731133,60,203403.24369696341,1.1129939066979149
LB_EHEC-FliC_10uM_C-6,LB,EHEC-FliC,10,6,4-Methylbenzoic acid,243532.8812146091,68,177110.22981399036,1.375035657005126
LB_EHEC-FliC_10uM_C-27,LB,EHEC-FliC,10,27,Acetylarginine,202910.85439857945,60,203403.24369696341,0.9975792455939516
LB_EHEC-FliC_10uM_C-27,LB,EHEC-FliC,10,27,Acetylarginine,203107.78406612878,60,203403.24369696341,0.9985474192767799
LB_EHEC-FliC_10uM_C-18,LB,EHEC-FliC,10,18,Silibinin,227386.41338016978,61,206463.06473617366,1.1013418485806783
LB_EHEC-FliC_10uM_C-27,LB,EHEC-FliC,10,27,Acetylarginine,203950.8726286906,60,203403.24369696341,1.002692331359981
LB_EHEC-FliC_10uM_C-10,LB,EHEC-FliC,10,10,Hexanoic acid,334177.2322145049,70,210645.63318267275,1.586442724519739
LB_EHEC-FliC_10uM_C-27,LB,EHEC-FliC,10,27,Acetylarginine,201321.02488680847,60,203403.24369696341,0.9897630992883423
LB_EHEC-FliC_10uM_C-26,LB,EHEC-FliC,10,26,N-Acetylhistamine,225403.3744520755,60,203403.24369696341,1.1081601765795268
LB_EHEC-FliC_10uM_C-17,LB,EHEC-FliC,10,17,L-Lysine,281897.4547497251,61,206463.06473617366,1.3653650598955527
LB_EHEC-FliC_10uM_C-26,LB,EHEC-FliC,10,26,N-Acetylhistamine,227131.4239998896,60,203403.24369696341,1.1166558599147867
LB_EHEC-FliC_10uM_C-22,LB,EHEC-FliC,10,22,Glucosamine,192314.8931922556,63,190057.89500505888,1.0118753192922434
LB_EHEC-FliC_10uM_C-26,LB,EHEC-FliC,10,26,N-Acetylhistamine,220582.58254055172,60,203403.24369696341,1.084459512696772
LB_EHEC-FliC_10uM_C-26,LB,EHEC-FliC,10,26,N-Acetylhistamine,217954.16121133076,60,203403.24369696341,1.0715372933582406
LB_EHEC-FliC_10uM_C-24,LB,EHEC-FliC,10,24,Erythromycin,203888.2129261267,60,203403.24369696341,1.00238427480481
LB_EHEC-FliC_10uM_C-24,LB,EHEC-FliC,10,24,Erythromycin,208970.39289135803,60,203403.24369696341,1.0273700118700602
LB_EHEC-FliC_10uM_C-24,LB,EHEC-FliC,10,24,Erythromycin,202708.97722861302,60,203403.24369696341,0.9965867482950039
LB_EHEC-FliC_10uM_C-24,LB,EHEC-FliC,10,24,Erythromycin,209973.9550943573,60,203403.24369696341,1.0323038673227019
LB_EHEC-FliC_10uM_C-42,LB,EHEC-FliC,10,42,Methyl-L-histidinate,225480.96882077758,70,210645.63318267275,1.0704279287158995
LB_EHEC-FliC_10uM_C-17,LB,EHEC-FliC,10,17,L-Lysine,218722.6793691254,70,210645.63318267275,1.038344237496954
LB_EHEC-FliC_10uM_C-23,LB,EHEC-FliC,10,23,Spiramycin,212371.04764805612,60,203403.24369696341,1.0440887951838822
LB_EHEC-FliC_10uM_C-12,LB,EHEC-FliC,10,12,UDP-N-acetylglucosamine,174260.54977221222,63,190057.89500505888,0.9168814048349522
LB_EHEC-FliC_10uM_C-23,LB,EHEC-FliC,10,23,Spiramycin,210377.46986698417,60,203403.24369696341,1.0342876841256827
LB_EHEC-FliC_10uM_C-23,LB,EHEC-FliC,10,23,Spiramycin,204918.35666079208,60,203403.24369696341,1.0074488141697775
LB_EHEC-FliC_10uM_C-23,LB,EHEC-FliC,10,23,Spiramycin,211032.73212644333,60,203403.24369696341,1.0375091777830572
LB_EHEC-FliC_10uM_C-22,LB,EHEC-FliC,10,22,Glucosamine,195459.92325219535,60,203403.24369696341,0.9609479165602577
LB_EHEC-FliC_10uM_C-22,LB,EHEC-FliC,10,22,Glucosamine,199090.66257614642,60,203403.24369696341,0.9787978743975095
LB_EHEC-FliC_10uM_C-22,LB,EHEC-FliC,10,22,Glucosamine,196631.55740554846,60,203403.24369696341,0.9667080712758759
LB_EHEC-FliC_10uM_C-22,LB,EHEC-FliC,10,22,Glucosamine,195010.60435411305,60,203403.24369696341,0.9587389109912426
LB_EHEC-FliC_10uM_C-20,LB,EHEC-FliC,10,20,Glutamine,219072.50557107333,60,203403.24369696341,1.0770354571997607
LB_EHEC-FliC_10uM_C-2,LB,EHEC-FliC,10,2,N-Acetyl-L-phenylalanine,205878.9138602367,63,190057.89500505888,1.0832431552225532
LB_EHEC-FliC_10uM_C-20,LB,EHEC-FliC,10,20,Glutamine,216029.65032813654,60,203403.24369696341,1.062075738821473
LB_EHEC-FliC_10uM_C-20,LB,EHEC-FliC,10,20,Glutamine,218784.9733261079,60,203403.24369696341,1.0756218502201502
LB_EHEC-FliC_10uM_C-16,LB,EHEC-FliC,10,16,Pimelic acid,217997.12603100674,61,206463.06473617366,1.0558650105749992
LB_EHEC-FliC_10uM_C-20,LB,EHEC-FliC,10,20,Glutamine,218906.44490673815,60,203403.24369696341,1.0762190461076024
LB_EHEC-FliC_10uM_C-2,LB,EHEC-FliC,10,2,N-Acetyl-L-phenylalanine,210240.38498862856,60,203403.24369696341,1.0336137279199507
LB_EHEC-FliC_10uM_C-2,LB,EHEC-FliC,10,2,N-Acetyl-L-phenylalanine,209673.07787734317,60,203403.24369696341,1.0308246518906097
LB_EHEC-FliC_10uM_C-2,LB,EHEC-FliC,10,2,N-Acetyl-L-phenylalanine,205362.84774123708,60,203403.24369696341,1.009634084534036
LB_EHEC-FliC_10uM_C-2,LB,EHEC-FliC,10,2,N-Acetyl-L-phenylalanine,204441.48357388194,60,203403.24369696341,1.0051043427727502
LB_EHEC-FliC_10uM_C-19,LB,EHEC-FliC,10,19,2-Hydroxyhexanoic acid,205516.65864543815,60,203403.24369696341,1.0103902716105322
LB_EHEC-FliC_10uM_C-19,LB,EHEC-FliC,10,19,2-Hydroxyhexanoic acid,201391.35752728963,60,203403.24369696341,0.9901088786338572
LB_EHEC-FliC_10uM_C-19,LB,EHEC-FliC,10,19,2-Hydroxyhexanoic acid,201981.25255426843,60,203403.24369696341,0.9930090045918171
LB_EHEC-FliC_10uM_C-4,LB,EHEC-FliC,10,4,Pyridoxine,195542.18932518415,63,190057.89500505888,1.0288559142464422
LB_EHEC-FliC_10uM_C-19,LB,EHEC-FliC,10,19,2-Hydroxyhexanoic acid,208090.86700296102,60,203403.24369696341,1.0230459614153518
LB_EHEC-FliC_10uM_C-18,LB,EHEC-FliC,10,18,Silibinin,214060.60995668103,60,203403.24369696341,1.0523952620716084
LB_EHEC-FliC_10uM_C-3,LB,EHEC-FliC,10,3,Cystathionine,223357.24228334602,61,206463.06473617366,1.0818266335858202
LB_EHEC-FliC_10uM_C-18,LB,EHEC-FliC,10,18,Silibinin,214929.0188087694,60,203403.24369696341,1.0566646573688738
LB_EHEC-FliC_10uM_C-18,LB,EHEC-FliC,10,18,Silibinin,215943.35869580618,60,203403.24369696341,1.0616514996069848
LB_EHEC-FliC_10uM_C-19,LB,EHEC-FliC,10,19,2-Hydroxyhexanoic acid,214793.38239667797,61,206463.06473617366,1.0403477380864665
LB_EHEC-FliC_10uM_C-18,LB,EHEC-FliC,10,18,Silibinin,215010.75214293154,60,203403.24369696341,1.0570664864286106
LB_EHEC-FliC_10uM_C-16,LB,EHEC-FliC,10,16,Pimelic acid,203084.9784784318,60,203403.24369696341,0.9984352991980512
LB_EHEC-FliC_10uM_C-14,LB,EHEC-FliC,10,14,Isoleucine,216456.73458517666,61,206463.06473617366,1.0484041533616353
LB_EHEC-FliC_10uM_C-16,LB,EHEC-FliC,10,16,Pimelic acid,202764.9452186173,60,203403.24369696341,0.9968619060997027
LB_EHEC-FliC_10uM_C-46,LB,EHEC-FliC,10,46,Prolylleucine,200169.727818339,70,210645.63318267275,0.9502676357157187
LB_EHEC-FliC_10uM_C-24,LB,EHEC-FliC,10,24,Erythromycin,223142.58676879707,61,206463.06473617366,1.0807869536080807
LB_EHEC-FliC_10uM_C-16,LB,EHEC-FliC,10,16,Pimelic acid,204167.84567188498,60,203403.24369696341,1.003759045141191
LB_EHEC-FliC_10uM_C-16,LB,EHEC-FliC,10,16,Pimelic acid,197552.50976968222,60,203403.24369696341,0.9712357884715064
LB_EHEC-FliC_10uM_C-15,LB,EHEC-FliC,10,15,Uracil,213565.55070020742,60,203403.24369696341,1.0499613812372832
LB_EHEC-FliC_10uM_C-21,LB,EHEC-FliC,10,21,Heptanoic acid,293304.2986220145,70,210645.63318267275,1.3924062615988808
LB_EHEC-FliC_10uM_C-15,LB,EHEC-FliC,10,15,Uracil,218771.60421148856,60,203403.24369696341,1.0755561230745239
LB_EHEC-FliC_10uM_C-15,LB,EHEC-FliC,10,15,Uracil,217625.2318598542,60,203403.24369696341,1.0699201640268783
LB_EHEC-FliC_10uM_C-7,LB,EHEC-FliC,10,7,DL-Arginine,225473.53696907338,63,190057.89500505888,1.186341335428722
LB_EHEC-FliC_10uM_C-23,LB,EHEC-FliC,10,23,Spiramycin,207259.6401665976,61,206463.06473617366,1.0038581982275707
LB_EHEC-FliC_10uM_C-15,LB,EHEC-FliC,10,15,Uracil,197032.46768388618,60,203403.24369696341,0.968679083493041
LB_EHEC-FliC_10uM_C-14,LB,EHEC-FliC,10,14,Isoleucine,198737.72213405278,60,203403.24369696341,0.9770626983222476
LB_EHEC-FliC_10uM_C-30,LB,EHEC-FliC,10,30,DMSO,194944.49996231988,60,203403.24369696341,0.9584139191642114
LB_EHEC-FliC_10uM_C-14,LB,EHEC-FliC,10,14,Isoleucine,198633.60665673265,60,203403.24369696341,0.9765508309821415
LB_EHEC-FliC_10uM_C-10,LB,EHEC-FliC,10,10,Hexanoic acid,339192.48752159486,61,206463.06473617366,1.6428724815987203
LB_EHEC-FliC_10uM_C-14,LB,EHEC-FliC,10,14,Isoleucine,195596.79112885433,60,203403.24369696341,0.9616208059113385
LB_EHEC-FliC_10uM_C-14,LB,EHEC-FliC,10,14,Isoleucine,183909.03757351215,60,203403.24369696341,0.9041598070456813
LB_EHEC-FliC_10uM_C-13,LB,EHEC-FliC,10,13,DL-Homoserine,195546.109756443,60,203403.24369696341,0.9613716389290909
LB_EHEC-FliC_10uM_C-29,LB,EHEC-FliC,10,29,PAC,138625.4135933465,68,177110.22981399036,0.7827069827583507
LB_EHEC-FliC_10uM_C-13,LB,EHEC-FliC,10,13,DL-Homoserine,199185.89753825616,60,203403.24369696341,0.9792660820837725
LB_EHEC-FliC_10uM_C-13,LB,EHEC-FliC,10,13,DL-Homoserine,194447.2863331981,60,203403.24369696341,0.9559694466961983
LB_EHEC-FliC_10uM_C-13,LB,EHEC-FliC,10,13,DL-Homoserine,192260.4358996954,60,203403.24369696341,0.9452181410938121
LB_EHEC-FliC_10uM_C-12,LB,EHEC-FliC,10,12,UDP-N-acetylglucosamine,208646.06946922909,60,203403.24369696341,1.0257755268646385
LB_EHEC-FliC_10uM_C-3,LB,EHEC-FliC,10,3,Cystathionine,210524.0573377205,61,206463.06473617366,1.019669341858972
LB_EHEC-FliC_10uM_C-12,LB,EHEC-FliC,10,12,UDP-N-acetylglucosamine,212194.5774239735,60,203403.24369696341,1.0432212071313263
LB_EHEC-FliC_10uM_C-12,LB,EHEC-FliC,10,12,UDP-N-acetylglucosamine,204950.68374553588,60,203403.24369696341,1.007607745188557
LB_EHEC-FliC_10uM_C-18,LB,EHEC-FliC,10,18,Silibinin,225997.30784188554,61,206463.06473617366,1.094613741836456
LB_EHEC-FliC_10uM_C-12,LB,EHEC-FliC,10,12,UDP-N-acetylglucosamine,212497.12900938644,60,203403.24369696341,1.0447086543318422
LB_EHEC-FliC_10uM_C-11,LB,EHEC-FliC,10,11,Deoxycholic acid,203681.92657688467,60,203403.24369696341,1.0013701004706514
LB_EHEC-FliC_10uM_C-11,LB,EHEC-FliC,10,11,Deoxycholic acid,200694.66561052957,60,203403.24369696341,0.9866837025939017
LB_EHEC-FliC_10uM_C-11,LB,EHEC-FliC,10,11,Deoxycholic acid,204979.34835102546,60,203403.24369696341,1.0077486702051328
LB_EHEC-FliC_10uM_C-11,LB,EHEC-FliC,10,11,Deoxycholic acid,203143.99029089115,60,203403.24369696341,0.9987254214762744
LB_EHEC-FliC_10uM_C-1,LB,EHEC-FliC,10,1,L-Tyrosine methyl ester,262124.4484034904,60,203403.24369696341,1.2886935509937671
